

-- Categories
INSERT INTO manager_category VALUES (99991, 'Cameras', 1);
INSERT INTO manager_category VALUES (99992, 'Lenses', 2);
INSERT INTO manager_category VALUES (99993, 'Studio & Lighting', 3);
INSERT INTO manager_category VALUES (99994, 'Tripods', 4);
INSERT INTO manager_category VALUES (99995, 'Bags & Cases', 5);

-- Sub Categories
INSERT INTO manager_subcategory VALUES (1, 'Digital SLR', 99991);
INSERT INTO manager_subcategory VALUES (2, 'Digital Compact', 99991);
INSERT INTO manager_subcategory VALUES (3, 'Film', 99991);
INSERT INTO manager_subcategory VALUES (4, 'Batteries', 99991);
INSERT INTO manager_subcategory VALUES (5, 'Accessories', 99991);
INSERT INTO manager_subcategory VALUES (6, 'Standard', 99992);
INSERT INTO manager_subcategory VALUES (7, 'Wide Angle', 99992);
INSERT INTO manager_subcategory VALUES (8, 'Portrait', 99992);
INSERT INTO manager_subcategory VALUES (9, 'Telephoto', 99992);
INSERT INTO manager_subcategory VALUES (10, 'Macro', 99992);
INSERT INTO manager_subcategory VALUES (11, 'Fisheye', 99992);
INSERT INTO manager_subcategory VALUES (12, 'Dedicated Flash', 99993);
INSERT INTO manager_subcategory VALUES (13, 'Macro Ring Light Flash', 99993);
INSERT INTO manager_subcategory VALUES (14, 'Hammerhead Flash', 99993);
INSERT INTO manager_subcategory VALUES (15, 'Light Reflectors', 99993);
INSERT INTO manager_subcategory VALUES (16, 'Softboxes', 99993);
INSERT INTO manager_subcategory VALUES (17, 'Umbrellas', 99993);
INSERT INTO manager_subcategory VALUES (18, 'Diffusers', 99993);
INSERT INTO manager_subcategory VALUES (19, 'Lamps & Bulbs', 99993);
INSERT INTO manager_subcategory VALUES (20, 'Travel & Compact', 99994);
INSERT INTO manager_subcategory VALUES (21, 'Photo ', 99994);
INSERT INTO manager_subcategory VALUES (22, 'Monopods', 99994);
INSERT INTO manager_subcategory VALUES (23, 'Light Stands', 99994);
INSERT INTO manager_subcategory VALUES (24, 'Backpacks', 99995);
INSERT INTO manager_subcategory VALUES (25, 'Shoulder Bags', 99995);
INSERT INTO manager_subcategory VALUES (26, 'Sling Bags', 99995);
INSERT INTO manager_subcategory VALUES (27, 'Belt Packs', 99995);
INSERT INTO manager_subcategory VALUES (28, 'Hard Cases', 99995);
INSERT INTO manager_subcategory VALUES (29, 'Soft Cases', 99995);
INSERT INTO manager_subcategory VALUES (30, 'Camera & Lense', 99995);
INSERT INTO manager_subcategory VALUES (31, 'Tripod', 99995);
INSERT INTO manager_subcategory VALUES (32, 'Lighting', 99995);

-- Conditions
INSERT INTO manager_condition VALUES (1, 'New');
INSERT INTO manager_condition VALUES (2, 'Used - Like New');
INSERT INTO manager_condition VALUES (3, 'Used - Good');
INSERT INTO manager_condition VALUES (4, 'Used - Poor');
INSERT INTO manager_condition VALUES (5, 'Used - As Is');

-- Shipping options
INSERT INTO catalog_shipping VALUES (10, 'Standard (4-7 business days)', 10.00);
INSERT INTO catalog_shipping VALUES (11, 'Express (2-3 business days)', 20.00);
INSERT INTO catalog_shipping VALUES (12, 'Next-Day (1 business day)', 40.00);


-- User:       webmaster
-- Password:   Password1
INSERT INTO account_user VALUES (99999, 'pbkdf2_sha256$12000$6452F1Q5YyYq$6dEZTD4EYWRlIsz0P3RDcBd72SJ0a538qFYrlk+r+Wo=', '2014-02-25 18:28:42.571127-07', true, 'webmaster', 'Website', 'Administrator', 'webmaster@digitallifemyway.com', true, true, '2014-02-05 20:09:48.693779-07', '801-555-5555', 'What is your mother''s maiden name?', 'Smith', '123 Center St', '', 'Provo', 'UT', 84606);
INSERT INTO account_employee VALUES (99999, 99999, '2013-08-18', 100000.00);

--Walk-in user for instore sales
-- User:       walkin
-- Password:   Password1
INSERT INTO account_user VALUES (99998, 'pbkdf2_sha256$12000$qUOT08R8yqNQ$k52VxNgEPb6uM2Pjd+6QRVGOghs43ishGmwYW70Zkag=', '2014-03-31 14:40:36.489433-06', false, 'Walkin', 'Walk', 'In', 'walkin@digitallifemyway.com', false, true, '2014-03-31 14:40:36.489433-06', '8015555555', 'w', 'w', 'Walkin', 'Customer', 'Walkin', 'CU', 0, NULL, NULL);

--Online employee for commissionless sales
INSERT INTO account_user VALUES (99997, 'pbkdf2_sha256$12000$KtdZGGXbhCmO$mTqlC1+rqiidlW9PUlXJw1H7KZCwLvKKa0axoUAbCzg=', '2014-03-31 12:37:52.256626-06', false, 'onlinesales', 'Online', 'Sales', 'os@digitallifemyway.com', false, true, '2014-03-31 12:37:52.256626-06', '8015555555', 'w', 'w', 'Online', 'Sales', 'ONLINE', 'SA', 0, NULL, NULL);
INSERT INTO account_employee VALUES (99998, 99997, '2010-10-10', 0.00);

--Online "Store" for records
INSERT INTO manager_store VALUES (99999, 'Online', 'Online', 'Sales', 'OS', 'OS', 0, '0000000000', true, 99999);


--Catalog Items

INSERT INTO manager_catalogitem VALUES (100000, ' SB-700 AF Speedlight', 'Nikon', 329.95, 200.00, 0.05, '<h2 style="margin-top: 0px; padding: 0px; outline: none; font-size: 2rem; color: rgb(37, 37, 37); font-family: proxima-nova, ''Helvetica Neue'', helvetica, arial, sans-serif; line-height: 2.2rem;">Details</h2><div class="std" style="margin: 0px; padding: 0px; outline: none; color: rgb(85, 85, 85); font-family: proxima-nova, ''Helvetica Neue'', helvetica, arial, sans-serif; line-height: 29.42943000793457px;"><p style="margin-bottom: 20px; padding: 0px; outline: none;">The&nbsp;<strong style="margin: 0px; padding: 0px; outline: none; color: rgb(37, 37, 37);">Nikon SB-700 AF Speedlight Shoe Mount Flash</strong>&nbsp;is an on-camera flash from Nikon designed specifically for Nikon DSLR cameras that use the i-TTL metering system. The SB-700 Speedlight works with both DX and FX sensor ameras and has a power zoom head that covers 24-120mm when used with an FX camera.</p><p style="margin-bottom: 20px; padding: 0px; outline: none;"><strong style="margin: 0px; padding: 0px; outline: none; color: rgb(37, 37, 37);">Portable, Versatile Speedlight Unit</strong>&nbsp;i-TTL Speedlight optimized for use with Nikon''s Creative Lighting System (CLS).</p><p style="margin-bottom: 20px; padding: 0px; outline: none;"><strong style="margin: 0px; padding: 0px; outline: none; color: rgb(37, 37, 37);">Complete Flash Head Positioning Freedom</strong>&nbsp;Bounce 90ºup and 7ºdown with 360º rotation elevates creative lighting freedom.</p><p style="margin-bottom: 20px; padding: 0px; outline: none;"><strong style="margin: 0px; padding: 0px; outline: none; color: rgb(37, 37, 37);">Wireless Flash Control&nbsp;</strong>Wireless Commander Mode controls up to 2 remote Speedlight groups and an unlimited number of compatible Speedlights. When used as a remote speedlight up to 3 Groups can be selected. Four wireless channel options help manage wireless conflicts in multi-photographer environments.</p><p style="margin-bottom: 20px; padding: 0px; outline: none;"><strong style="margin: 0px; padding: 0px; outline: none; color: rgb(37, 37, 37);">Choose From 3 Light Distribution Patterns</strong>&nbsp;Using the simple slider switch on the back of the SB-700, you can optimize light quality by selecting Standard for general illumination, Center-weighted for portraits or Even, for groups or interiors.</p><p style="margin-bottom: 20px; padding: 0px; outline: none;"><strong style="margin: 0px; padding: 0px; outline: none; color: rgb(37, 37, 37);">Color Filter Identification</strong>&nbsp;Automatically identifies mounted hard type color filters and adjusts camera white-balance.</p><p style="margin-bottom: 20px; padding: 0px; outline: none;"><strong style="margin: 0px; padding: 0px; outline: none; color: rgb(37, 37, 37);">Automatic Format Identification</strong>&nbsp;Automatically senses the FX or DX-format camera in use and optimizes light distribution.</p><p style="margin-bottom: 20px; padding: 0px; outline: none;"><strong style="margin: 0px; padding: 0px; outline: none; color: rgb(37, 37, 37);">Firmware Updating</strong>&nbsp;Allows uploading of performance enhancement developments.</p><p style="margin-bottom: 20px; padding: 0px; outline: none;"><strong style="margin: 0px; padding: 0px; outline: none; color: rgb(37, 37, 37);">Nikon’s Precision i-TTL Flash Control</strong>&nbsp;Delivers precise flash exposures and seamless fill-flash performance—even in challenging lighting situations.</p><p style="margin-bottom: 20px; padding: 0px; outline: none;"><strong style="margin: 0px; padding: 0px; outline: none; color: rgb(37, 37, 37);">Hot Shoe and Wireless Operation</strong>&nbsp;Use on-camera, as a wireless master, commander or remote light source.</p><p style="margin-bottom: 20px; padding: 0px; outline: none;"><strong style="margin: 0px; padding: 0px; outline: none; color: rgb(37, 37, 37);">Versatile Auto Power Zoom Coverage</strong>&nbsp;Smoothly covers lenses as wide as 24mm and up to 120mm in FX-format.</p><p style="margin-bottom: 20px; padding: 0px; outline: none;"><strong style="margin: 0px; padding: 0px; outline: none; color: rgb(37, 37, 37);">Streamlined Controls and Menus</strong>&nbsp;Convenient Rotary Select Dial sets key functions quickly and a prominent Master and Remote control switch simplifies wireless operation.</p><p style="margin-bottom: 20px; padding: 0px; outline: none;"><strong style="margin: 0px; padding: 0px; outline: none; color: rgb(37, 37, 37);">Flash Tube Overheat Protection</strong>&nbsp;To prevent overheating, flash recycle time increases when SB-700 detects heat build-up.</p><p style="margin-bottom: 20px; padding: 0px; outline: none;"><strong style="margin: 0px; padding: 0px; outline: none; color: rgb(37, 37, 37);">Flash Value (FV) Lock</strong>&nbsp;Locks in a specific flash output on the main subject, regardless of aperture, composition or the lens’ zoom position.</p><p style="margin-bottom: 20px; padding: 0px; outline: none;"><strong style="margin: 0px; padding: 0px; outline: none; color: rgb(37, 37, 37);">Drip-Proof Mounting Foot Cover (Water Guard)</strong>&nbsp;Provides enhanced moisture protection.</p></div>', '<table class="data-table" id="product-attribute-specs-table" style="margin: 0px 0px 10px; padding: 0px; outline: none; border-collapse: separate; border-bottom-width: 0px; width: 614.1141357421875px; color: rgb(85, 85, 85); font-family: proxima-nova, ''Helvetica Neue'', helvetica, arial, sans-serif; line-height: 29.42943000793457px; background-color: rgb(255, 255, 255);"><tbody style="margin: 0px; padding: 0px; outline: none;"><tr class="first odd" style="margin: 0px; padding: 0px; outline: none;"><th class="label" style="margin: 0px; padding: 5px 10px; outline: none; color: rgb(54, 54, 54); border-color: rgb(255, 255, 255); background-color: rgb(247, 247, 247);">Manufacturer</th><td class="data last" style="margin: 0px; padding: 10px; outline: none;">Nikon</td></tr><tr class="even" style="margin: 0px; padding: 0px; outline: none; background-color: rgb(241, 241, 241);"><th class="label" style="margin: 0px; padding: 5px 10px; outline: none; color: rgb(54, 54, 54); border-color: rgb(255, 255, 255); background-color: rgb(247, 247, 247);">Manufacturer SKU</th><td class="data last" style="margin: 0px; padding: 10px; outline: none;">4808</td></tr><tr class="odd" style="margin: 0px; padding: 0px; outline: none;"><th class="label" style="margin: 0px; padding: 5px 10px; outline: none; color: rgb(54, 54, 54); border-color: rgb(255, 255, 255); background-color: rgb(247, 247, 247);">UPC</th><td class="data last" style="margin: 0px; padding: 10px; outline: none;">018208048083</td></tr><tr class="even" style="margin: 0px; padding: 0px; outline: none; background-color: rgb(241, 241, 241);"><th class="label" style="margin: 0px; padding: 5px 10px; outline: none; color: rgb(54, 54, 54); border-color: rgb(255, 255, 255); background-color: rgb(247, 247, 247);">Guide Number</th><td class="data last" style="margin: 0px; padding: 10px; outline: none;">28 m/92 ft. (at ISO 100, 35mm zoom head position, in FX format, standard illumination pattern, 20°C/68°F) to 39 m/128 ft. (at ISO 200, 35mm zoom head position, in FX format, standard illumination pattern, 20°C/68°F)</td></tr><tr class="odd" style="margin: 0px; padding: 0px; outline: none;"><th class="label" style="margin: 0px; padding: 5px 10px; outline: none; color: rgb(54, 54, 54); border-color: rgb(255, 255, 255); background-color: rgb(247, 247, 247);">Lens Coverage</th><td class="data last" style="margin: 0px; padding: 10px; outline: none;">14-120mm (DX-format) 24 to 120mm (FX-Format)</td></tr><tr class="even" style="margin: 0px; padding: 0px; outline: none; background-color: rgb(241, 241, 241);"><th class="label" style="margin: 0px; padding: 5px 10px; outline: none; color: rgb(54, 54, 54); border-color: rgb(255, 255, 255); background-color: rgb(247, 247, 247);">Minimum Recycling Time</th><td class="data last" style="margin: 0px; padding: 10px; outline: none;">2.5 sec. with AA-size Alkaline batteries</td></tr><tr class="odd" style="margin: 0px; padding: 0px; outline: none;"><th class="label" style="margin: 0px; padding: 5px 10px; outline: none; color: rgb(54, 54, 54); border-color: rgb(255, 255, 255); background-color: rgb(247, 247, 247);">Bounce Head</th><td class="data last" style="margin: 0px; padding: 10px; outline: none;">Yes</td></tr><tr class="last even" style="margin: 0px; padding: 0px; outline: none; background-color: rgb(241, 241, 241);"><th class="label" style="margin: 0px; padding: 5px 10px; outline: none; color: rgb(54, 54, 54); border-color: rgb(255, 255, 255); background-color: rgb(247, 247, 247);">Swivel Head</th><td class="data last" style="margin: 0px; padding: 10px; outline: none;">Yes</td></tr></tbody></table>', '4', 201, '1 weeks', '2014-04-11', 99999, 13, true, '/static/catalog/images/products/nikon_4_sb700_main.jpg', true, 0);
INSERT INTO manager_catalogitem VALUES (100001, 'Reflex Camera Bag', 'Mountainsmith', 37.50, 20.00, 0.05, '<p><span style="color: rgb(90, 87, 74); font-family: arial, helvetica, sans-serif; font-size: 12px; line-height: 18px;">Sized for high-zoom point and shoots, small camcorders and SLRs, Mountainsmith''s Reflex camera bag provides plenty of storage and organization options for your photography needs.</span></p><ul style="margin-top: 10px; margin-bottom: 0px; margin-left: 0px; border: 0px; outline: 0px; font-size: 12px; vertical-align: baseline; list-style: none; color: rgb(90, 87, 74); font-family: arial, helvetica, sans-serif; line-height: 18px; background-image: initial; background-attachment: initial; background-size: initial; background-origin: initial; background-clip: initial; background-position: initial; background-repeat: initial;"><li style="margin: 0px 0px 5px 15px; padding: 0px; border: 0px; outline: 0px; font-size: 11px; vertical-align: baseline; list-style-type: disc; background: transparent;">Sized to fit small- to medium-sized cameras and camcorders</li><li style="margin: 0px 0px 5px 15px; padding: 0px; border: 0px; outline: 0px; font-size: 11px; vertical-align: baseline; list-style-type: disc; background: transparent;">Top carry handle with non-slip rubber grip</li><li style="margin: 0px 0px 5px 15px; padding: 0px; border: 0px; outline: 0px; font-size: 11px; vertical-align: baseline; list-style-type: disc; background: transparent;">Snap front lid closure</li><li style="margin: 0px 0px 5px 15px; padding: 0px; border: 0px; outline: 0px; font-size: 11px; vertical-align: baseline; list-style-type: disc; background: transparent;">Interior, under-lid zip pocket</li><li style="margin: 0px 0px 5px 15px; padding: 0px; border: 0px; outline: 0px; font-size: 11px; vertical-align: baseline; list-style-type: disc; background: transparent;">Front zip pocket on lid flap</li><li style="margin: 0px 0px 5px 15px; padding: 0px; border: 0px; outline: 0px; font-size: 11px; vertical-align: baseline; list-style-type: disc; background: transparent;">Zip front pocket with interior zip pocket, organizer sleeves and key ring</li><li style="margin: 0px 0px 5px 15px; padding: 0px; border: 0px; outline: 0px; font-size: 11px; vertical-align: baseline; list-style-type: disc; background: transparent;">Detachable, padded shoulder strap</li><li style="margin: 0px 0px 5px 15px; padding: 0px; border: 0px; outline: 0px; font-size: 11px; vertical-align: baseline; list-style-type: disc; background: transparent;">Mesh side pockets</li><li style="margin: 0px 0px 5px 15px; padding: 0px; border: 0px; outline: 0px; font-size: 11px; vertical-align: baseline; list-style-type: disc; background: transparent;">Rear sleeve pocket</li><li style="margin: 0px 0px 5px 15px; padding: 0px; border: 0px; outline: 0px; font-size: 11px; vertical-align: baseline; list-style-type: disc; background: transparent;">Lined and padded interior with touch-fasten divider</li></ul>', '<ul style="margin-top: 10px; margin-bottom: 0px; margin-left: 0px; border: 0px; outline: 0px; font-size: 12px; vertical-align: baseline; list-style: none; color: rgb(90, 87, 74); font-family: arial, helvetica, sans-serif; line-height: 18px; background-image: initial; background-attachment: initial; background-size: initial; background-origin: initial; background-clip: initial; background-position: initial; background-repeat: initial;"><li style="margin: 0px 0px 5px 15px; padding: 0px; border: 0px; outline: 0px; font-size: 11px; vertical-align: baseline; list-style-type: disc; background: transparent;">Capacity: 269 cu.in.</li><li style="margin: 0px 0px 5px 15px; padding: 0px; border: 0px; outline: 0px; font-size: 11px; vertical-align: baseline; list-style-type: disc; background: transparent;">Carry options: Hand,Shoulder</li><li style="margin: 0px 0px 5px 15px; padding: 0px; border: 0px; outline: 0px; font-size: 11px; vertical-align: baseline; list-style-type: disc; background: transparent;">Material: 420 denier nylon</li><li style="margin: 0px 0px 5px 15px; padding: 0px; border: 0px; outline: 0px; font-size: 11px; vertical-align: baseline; list-style-type: disc; background: transparent;">Dimensions (HxWxD): 7x7x5-1/2"</li><li style="margin: 0px 0px 5px 15px; padding: 0px; border: 0px; outline: 0px; font-size: 11px; vertical-align: baseline; list-style-type: disc; background: transparent;">Weight: 13 oz.</li><li style="margin: 0px 0px 5px 15px; padding: 0px; border: 0px; outline: 0px; font-size: 11px; vertical-align: baseline; list-style-type: disc; background: transparent;">Made in China</li></ul>', '204', 2, '2 weeks', '2014-04-11', 99999, 30, true, '/static/catalog/images/products/cameraBag.jpg', true, 0);
INSERT INTO manager_catalogitem VALUES (100002, 'LP-EG Rechargeable Lithium-Ion Battery Back', 'Canon', 59.00, 20.00, 0.05, '<p style="font-size: 12px; border: 0px; vertical-align: baseline; margin-bottom: 1.5em; padding: 0px; line-height: 18px; font-family: arial, sans-sarif; color: rgb(89, 89, 89); background-image: initial; background-attachment: initial; background-size: initial; background-origin: initial; background-clip: initial; background-position: initial; background-repeat: initial;">The&nbsp;<b style="font-size: inherit; border: 0px; vertical-align: baseline; margin: 0px; padding: 0px; font-family: inherit; font-style: inherit; font-variant: inherit; line-height: inherit; background: transparent;">Canon LP-E6 Rechargeable Lithium-ion Battery Pack (7.2V)</b>, has a capacity of 1800mAh, making it possible to shoot up to 850 shots at normal temperatures on a single battery charge. The battery is also more compact and lightweight than previous battery models.</p><p style="font-size: 12px; border: 0px; vertical-align: baseline; margin-bottom: 1.5em; padding: 0px; line-height: 18px; font-family: arial, sans-sarif; color: rgb(89, 89, 89); background-image: initial; background-attachment: initial; background-size: initial; background-origin: initial; background-clip: initial; background-position: initial; background-repeat: initial;">The LP-E6 battery also communicates with the EOS 5D Mark II, 5D Mark III, 60D, 70D, 6D&nbsp;and 7D digital cameras, so that you can always check the remaining capacity on the camera''s power source info screen. In addition, a unique feature of the LP-E6 battery pack is that it has a microchip encoded with an 8-character serial number. So when the battery pack is installed in the camera, you can register it using a menu command. Then track the condition and power characteristics of up to 6 batteries in your camera to ensure you use your batteries evenly and identify batteries that are near the end of their useful lifespan.</p><p style="font-size: 12px; border: 0px; vertical-align: baseline; margin-bottom: 1.5em; padding: 0px; line-height: 18px; font-family: arial, sans-sarif; color: rgb(89, 89, 89); background-image: initial; background-attachment: initial; background-size: initial; background-origin: initial; background-clip: initial; background-position: initial; background-repeat: initial;"><span style="color: rgb(48, 48, 48); font-size: 12px; font-weight: bold; background-color: transparent;">Canon LP-E6 Rechargeable Lithium-Ion Battery Pack (7.2V, 1800mAh)</span></p><li class="SingleNonClick" data-selenium="alsoIncludeListItem" style="font-size: 11px; border: 0px; vertical-align: baseline; margin: 0px 0px 0px 15px; padding: 0px; font-family: arial, sans-sarif; line-height: 19px; clear: both; color: rgb(89, 89, 89); list-style: disc inside url(http://static.bhphoto.com/images/witbBullet4x4.gif); background: transparent;">Manufacturers Limited Warranty</li>', '<table class="specTable" border="1" data-selenium="specTable" style="font-size: 12px; border-top-width: 0px; border-bottom-width: 0px; border-right-style: none; border-left-style: none; vertical-align: baseline; margin: 2em 0px 0px; padding: 0px; font-family: arial, sans-sarif; line-height: 18px; clear: both; width: 596px; text-indent: 1em; color: rgb(89, 89, 89); background: rgb(255, 255, 255);"><tbody data-selenium="specBody" style="font-size: inherit; border: 0px; vertical-align: baseline; margin: 0px; padding: 0px; font-family: inherit; font-style: inherit; font-variant: inherit; font-weight: inherit; line-height: inherit; background: transparent;"><tr style="font-size: inherit; border: 0px; vertical-align: baseline; margin: 0px; padding: 0px; font-family: inherit; font-style: inherit; font-variant: inherit; font-weight: inherit; line-height: inherit; height: 2em; background: transparent;"><td class="specTopic" data-selenium="specTopic" style="font-size: inherit; border-top-width: 1px; border-right-width: 1px; border-bottom-width: 1px; border-style: solid solid solid none; border-top-color: rgb(228, 229, 228); border-right-color: rgb(228, 229, 228); border-bottom-color: rgb(228, 229, 228); vertical-align: middle; margin: 0px; padding: 0px 0px 0px 1em; font-family: inherit; font-style: inherit; font-variant: inherit; font-weight: bold; line-height: inherit; text-indent: 0px; width: 175px; background: transparent;">Chemistry</td><td class="specDetail" data-selenium="specDetail" style="font-size: inherit; border-top-width: 1px; border-bottom-width: 1px; border-left-width: 1px; border-style: solid none solid solid; border-top-color: rgb(228, 229, 228); border-bottom-color: rgb(228, 229, 228); border-left-color: rgb(228, 229, 228); vertical-align: middle; margin: 0px; padding: 0px 0px 0px 1em; font-family: inherit; font-style: inherit; font-variant: inherit; font-weight: inherit; line-height: inherit; text-indent: 0px; background: transparent;">Lithium-Ion</td></tr><tr style="font-size: inherit; border: 0px; vertical-align: baseline; margin: 0px; padding: 0px; font-family: inherit; font-style: inherit; font-variant: inherit; font-weight: inherit; line-height: inherit; height: 2em; background: transparent;"><td class="specTopic" data-selenium="specTopic" style="font-size: inherit; border-top-width: 1px; border-right-width: 1px; border-bottom-width: 1px; border-style: solid solid solid none; border-top-color: rgb(228, 229, 228); border-right-color: rgb(228, 229, 228); border-bottom-color: rgb(228, 229, 228); vertical-align: middle; margin: 0px; padding: 0px 0px 0px 1em; font-family: inherit; font-style: inherit; font-variant: inherit; font-weight: bold; line-height: inherit; text-indent: 0px; width: 175px; background: transparent;">Capacity</td><td class="specDetail" data-selenium="specDetail" style="font-size: inherit; border-top-width: 1px; border-bottom-width: 1px; border-left-width: 1px; border-style: solid none solid solid; border-top-color: rgb(228, 229, 228); border-bottom-color: rgb(228, 229, 228); border-left-color: rgb(228, 229, 228); vertical-align: middle; margin: 0px; padding: 0px 0px 0px 1em; font-family: inherit; font-style: inherit; font-variant: inherit; font-weight: inherit; line-height: inherit; text-indent: 0px; background: transparent;">1800 mAh</td></tr><tr style="font-size: inherit; border: 0px; vertical-align: baseline; margin: 0px; padding: 0px; font-family: inherit; font-style: inherit; font-variant: inherit; font-weight: inherit; line-height: inherit; height: 2em; background: transparent;"><td class="specTopic" data-selenium="specTopic" style="font-size: inherit; border-top-width: 1px; border-right-width: 1px; border-bottom-width: 1px; border-style: solid solid solid none; border-top-color: rgb(228, 229, 228); border-right-color: rgb(228, 229, 228); border-bottom-color: rgb(228, 229, 228); vertical-align: middle; margin: 0px; padding: 0px 0px 0px 1em; font-family: inherit; font-style: inherit; font-variant: inherit; font-weight: bold; line-height: inherit; text-indent: 0px; width: 175px; background: transparent;">Output Voltage</td><td class="specDetail" data-selenium="specDetail" style="font-size: inherit; border-top-width: 1px; border-bottom-width: 1px; border-left-width: 1px; border-style: solid none solid solid; border-top-color: rgb(228, 229, 228); border-bottom-color: rgb(228, 229, 228); border-left-color: rgb(228, 229, 228); vertical-align: middle; margin: 0px; padding: 0px 0px 0px 1em; font-family: inherit; font-style: inherit; font-variant: inherit; font-weight: inherit; line-height: inherit; text-indent: 0px; background: transparent;">7.2 V</td></tr></tbody></table>', 'C123456', 2, '2', '2014-04-11', 99999, 1, true, '/static/catalog/images/products/default.png', false, 2);
INSERT INTO manager_catalogitem VALUES (100003, '200 AW Camera Backpack (Black)', 'Lowepr Pro Runner', 94.99, 39.99, 0.05, '<p style="margin-bottom: 20px; padding: 0px; outline: none; color: rgb(85, 85, 85); font-family: proxima-nova, ''Helvetica Neue'', helvetica, arial, sans-serif; line-height: 29.42943000793457px;">The Lowepro Pro Runner™ 200 AW DSLR backpack delivers a compact, streamlined and urban-inspired solution for photographers who carry their gear through crowded airports and busy city streets. This feature-filled design fits a camera, tripod and accessories, plus a few personal items, in a highly organized pack. From its fully padded interior to it’s patented, built-in All Weather AW Cover™, the Pro Runner 200 AW thoroughly safeguards valuable gear.<br></p><ul style="margin-bottom: 0px; margin-left: 0px; outline: none; list-style: none; color: rgb(85, 85, 85); font-family: proxima-nova, ''Helvetica Neue'', helvetica, arial, sans-serif; line-height: 29.42943000793457px; background-color: rgb(249, 249, 249);"><li style="margin: 0px 15px 5px; padding: 0px; outline: none; list-style: disc;">Holds up to a DSLR with attached lens plus 2-3 lenses/flash, tripod or monopod and accessories</li><li style="margin: 0px 15px 5px; padding: 0px; outline: none; list-style: disc;">Fully padded interior</li><li style="margin: 0px 15px 5px; padding: 0px; outline: none; list-style: disc;">Hideaway tripod mount system</li><li style="margin: 0px 15px 5px; padding: 0px; outline: none; list-style: disc;">Memory card pockets</li><li style="margin: 0px 15px 5px; padding: 0px; outline: none; list-style: disc;">Built-in All Weather AW rain cover</li></ul>', '<table class="data-table" id="product-attribute-specs-table" style="margin: 0px 0px 10px; padding: 0px; outline: none; border-collapse: separate; border-bottom-width: 0px; width: 614.1141357421875px; color: rgb(85, 85, 85); font-family: proxima-nova, ''Helvetica Neue'', helvetica, arial, sans-serif; line-height: 29.42943000793457px; background-color: rgb(255, 255, 255);"><tbody style="margin: 0px; padding: 0px; outline: none;"><tr class="first odd" style="margin: 0px; padding: 0px; outline: none;"><th class="label" style="margin: 0px; padding: 5px 10px; outline: none; color: rgb(54, 54, 54); border-color: rgb(255, 255, 255); background-color: rgb(247, 247, 247);">Manufacturer</th><td class="data last" style="margin: 0px; padding: 10px; outline: none;">Lowepro</td></tr><tr class="even" style="margin: 0px; padding: 0px; outline: none; background-color: rgb(241, 241, 241);"><th class="label" style="margin: 0px; padding: 5px 10px; outline: none; color: rgb(54, 54, 54); border-color: rgb(255, 255, 255); background-color: rgb(247, 247, 247);">Manufacturer SKU</th><td class="data last" style="margin: 0px; padding: 10px; outline: none;">LP36122-PEU</td></tr><tr class="odd" style="margin: 0px; padding: 0px; outline: none;"><th class="label" style="margin: 0px; padding: 5px 10px; outline: none; color: rgb(54, 54, 54); border-color: rgb(255, 255, 255); background-color: rgb(247, 247, 247);">UPC</th><td class="data last" style="margin: 0px; padding: 10px; outline: none;">056035361227</td></tr><tr class="even" style="margin: 0px; padding: 0px; outline: none; background-color: rgb(241, 241, 241);"><th class="label" style="margin: 0px; padding: 5px 10px; outline: none; color: rgb(54, 54, 54); border-color: rgb(255, 255, 255); background-color: rgb(247, 247, 247);">Color</th><td class="data last" style="margin: 0px; padding: 10px; outline: none;">Black</td></tr><tr class="odd" style="margin: 0px; padding: 0px; outline: none;"><th class="label" style="margin: 0px; padding: 5px 10px; outline: none; color: rgb(54, 54, 54); border-color: rgb(255, 255, 255); background-color: rgb(247, 247, 247);">Size</th><td class="data last" style="margin: 0px; padding: 10px; outline: none;">M (body + 1-2 lens)</td></tr><tr class="even" style="margin: 0px; padding: 0px; outline: none; background-color: rgb(241, 241, 241);"><th class="label" style="margin: 0px; padding: 5px 10px; outline: none; color: rgb(54, 54, 54); border-color: rgb(255, 255, 255); background-color: rgb(247, 247, 247);">Interior Dimensions</th><td class="data last" style="margin: 0px; padding: 10px; outline: none;">9.8" X 4.5" X 11.8"</td></tr><tr class="last odd" style="margin: 0px; padding: 0px; outline: none;"><th class="label" style="margin: 0px; padding: 5px 10px; outline: none; color: rgb(54, 54, 54); border-color: rgb(255, 255, 255); background-color: rgb(247, 247, 247);">Exterior Dimensions</th><td class="data last" style="margin: 0px; padding: 10px; outline: none;">11.8" X 6.7" X 14.0"</td></tr></tbody></table>', '205', 2, '3 Days', '2014-04-11', 99999, 24, true, '/static/catalog/images/products/backpack.jpg', true, 0);
INSERT INTO manager_catalogitem VALUES (100004, '50 mmf/1.8D AF Nikkor Lens', 'Nikon', 134.95, 90.00, 0.05, '<h2 style="margin-top: 0px; padding: 0px; outline: none; font-size: 2rem; color: rgb(37, 37, 37); font-family: proxima-nova, ''Helvetica Neue'', helvetica, arial, sans-serif; line-height: 2.2rem; background-color: rgb(249, 249, 249);">Quick Overview</h2><ul style="margin-bottom: 0px; margin-left: 0px; outline: none; list-style: none; color: rgb(85, 85, 85); font-family: proxima-nova, ''Helvetica Neue'', helvetica, arial, sans-serif; line-height: 29.42943000793457px; background-color: rgb(249, 249, 249);"><li style="margin: 0px 15px 5px; padding: 0px; outline: none; list-style: disc;">Maximum Angle of View (FX-format) 46°</li><li style="margin: 0px 15px 5px; padding: 0px; outline: none; list-style: disc;">Diaphragm Blades 7</li><li style="margin: 0px 15px 5px; padding: 0px; outline: none; list-style: disc;">Nikon Super Integrated Coating (SIC)</li><li style="margin: 0px 15px 5px; padding: 0px; outline: none; list-style: disc;">Minimum Focus Distance 1.5 ft. (0.45m)</li><li style="margin: 0px 15px 5px; padding: 0px; outline: none; list-style: disc;">Filter Size 52mm</li></ul><div><span style="color: rgb(85, 85, 85); font-family: proxima-nova, ''Helvetica Neue'', helvetica, arial, sans-serif;"><br></span></div><div><h2 style="margin-top: 0px; padding: 0px; outline: none; font-size: 2rem; color: rgb(37, 37, 37); font-family: proxima-nova, ''Helvetica Neue'', helvetica, arial, sans-serif; line-height: 2.2rem;">Details</h2><div class="std" style="margin: 0px; padding: 0px; outline: none; color: rgb(85, 85, 85); font-family: proxima-nova, ''Helvetica Neue'', helvetica, arial, sans-serif; line-height: 29.42943000793457px;"><p style="margin-bottom: 20px; padding: 0px; outline: none;">The&nbsp;<strong style="margin: 0px; padding: 0px; outline: none; color: rgb(37, 37, 37);">Nikon 50mm f/1.8D AF Nikkor Lens</strong>&nbsp;is a compact and fast f/1.8 lens that is versatile and perfect for travel and portrait pictures as well as general photography.</p><p style="margin-bottom: 20px; padding: 0px; outline: none;"><strong style="margin: 0px; padding: 0px; outline: none; color: rgb(37, 37, 37);">Affordable, fast f/1.8 prime lens with manual aperture control.</strong><br style="margin: 0px; padding: 0px; outline: none;">Offering natural image rendering and exceptional sharpness, the AF NIKKOR 50mm f/1.8D is a versatile, affordable prime lens. Extremely compact and lightweight—it weighs approximately 5.5 oz (155 g)— making it a convenient carry-around lens for nearly any shooting opportunity. Its aperture control ring enables smooth manual adjustments during Live View shooting, making it a great video partner, too.</p><p style="margin-bottom: 20px; padding: 0px; outline: none;"><strong style="margin: 0px; padding: 0px; outline: none; color: rgb(37, 37, 37);">Natural, exceptionally sharp images</strong><br style="margin: 0px; padding: 0px; outline: none;">The AF NIKKOR 50mm f/1.8D is as versatile as it is compact—perfect for travel, portraits and general photography. Its fast f/1.8 maxium aperture creates an attractive natural background blur (bokeh) and enables great low-light shooting. Produce consistently stunning visuals, indoors or out.</p><p style="margin-bottom: 20px; padding: 0px; outline: none;"><strong style="margin: 0px; padding: 0px; outline: none; color: rgb(37, 37, 37);">Fast enough for low-light shooting</strong><br style="margin: 0px; padding: 0px; outline: none;">The AF NIKKOR 50mm f/1.8D is fast enough for shooting in most lighting situations without a flash—from dusk and dawn to dim indoor lighting. Its aperture control ring allows for manual adjustments during Live View shooting. Broaden your shooting opportunities.</p></div></div>', '<h2 style="margin-top: 0px; padding: 0px; outline: none; font-size: 2rem; color: rgb(37, 37, 37); font-family: proxima-nova, ''Helvetica Neue'', helvetica, arial, sans-serif; line-height: 2.2rem;">Additional Information</h2><table class="data-table" id="product-attribute-specs-table" style="margin: 0px 0px 10px; padding: 0px; outline: none; border-collapse: separate; border-bottom-width: 0px; width: 614.1141357421875px; color: rgb(85, 85, 85); font-family: proxima-nova, ''Helvetica Neue'', helvetica, arial, sans-serif; line-height: 29.42943000793457px; background-color: rgb(255, 255, 255);"><colgroup style="margin: 0px; padding: 0px; outline: none;"><col width="25%" style="margin: 0px; padding: 0px; outline: none;"><col style="margin: 0px; padding: 0px; outline: none;"></colgroup><tbody style="margin: 0px; padding: 0px; outline: none;"><tr class="first odd" style="margin: 0px; padding: 0px; outline: none;"><th class="label" style="margin: 0px; padding: 5px 10px; outline: none; color: rgb(54, 54, 54); border-color: rgb(255, 255, 255); background-color: rgb(247, 247, 247);">Manufacturer</th><td class="data last" style="margin: 0px; padding: 10px; outline: none;">Nikon</td></tr><tr class="even" style="margin: 0px; padding: 0px; outline: none; background-color: rgb(241, 241, 241);"><th class="label" style="margin: 0px; padding: 5px 10px; outline: none; color: rgb(54, 54, 54); border-color: rgb(255, 255, 255); background-color: rgb(247, 247, 247);">Manufacturer SKU</th><td class="data last" style="margin: 0px; padding: 10px; outline: none;">2137</td></tr><tr class="odd" style="margin: 0px; padding: 0px; outline: none;"><th class="label" style="margin: 0px; padding: 5px 10px; outline: none; color: rgb(54, 54, 54); border-color: rgb(255, 255, 255); background-color: rgb(247, 247, 247);">UPC</th><td class="data last" style="margin: 0px; padding: 10px; outline: none;">018208021376</td></tr><tr class="even" style="margin: 0px; padding: 0px; outline: none; background-color: rgb(241, 241, 241);"><th class="label" style="margin: 0px; padding: 5px 10px; outline: none; color: rgb(54, 54, 54); border-color: rgb(255, 255, 255); background-color: rgb(247, 247, 247);">Lens Type</th><td class="data last" style="margin: 0px; padding: 10px; outline: none;">Fixed Focal Length</td></tr><tr class="odd" style="margin: 0px; padding: 0px; outline: none;"><th class="label" style="margin: 0px; padding: 5px 10px; outline: none; color: rgb(54, 54, 54); border-color: rgb(255, 255, 255); background-color: rgb(247, 247, 247);">Mount Type</th><td class="data last" style="margin: 0px; padding: 10px; outline: none;">FX</td></tr><tr class="even" style="margin: 0px; padding: 0px; outline: none; background-color: rgb(241, 241, 241);"><th class="label" style="margin: 0px; padding: 5px 10px; outline: none; color: rgb(54, 54, 54); border-color: rgb(255, 255, 255); background-color: rgb(247, 247, 247);">Aperture</th><td class="data last" style="margin: 0px; padding: 10px; outline: none;">f/1.8</td></tr><tr class="odd" style="margin: 0px; padding: 0px; outline: none;"><th class="label" style="margin: 0px; padding: 5px 10px; outline: none; color: rgb(54, 54, 54); border-color: rgb(255, 255, 255); background-color: rgb(247, 247, 247);">Focus Type</th><td class="data last" style="margin: 0px; padding: 10px; outline: none;">Autofocus</td></tr><tr class="even" style="margin: 0px; padding: 0px; outline: none; background-color: rgb(241, 241, 241);"><th class="label" style="margin: 0px; padding: 5px 10px; outline: none; color: rgb(54, 54, 54); border-color: rgb(255, 255, 255); background-color: rgb(247, 247, 247);">Circular Filter Size</th><td class="data last" style="margin: 0px; padding: 10px; outline: none;">52mm</td></tr><tr class="last odd" style="margin: 0px; padding: 0px; outline: none;"><th class="label" style="margin: 0px; padding: 5px 10px; outline: none; color: rgb(54, 54, 54); border-color: rgb(255, 255, 255); background-color: rgb(247, 247, 247);">Stabilization</th><td class="data last" style="margin: 0px; padding: 10px; outline: none;">n/a</td></tr></tbody></table>', '206', 2, '2 weeks', '2014-04-11', 99999, 6, true, '/static/catalog/images/products/slens.jpg', true, 0);
INSERT INTO manager_catalogitem VALUES (100005, 'Speedlite 270EX II Flash', 'Canon', 169.99, 100.00, 0.05, '<p style="margin-bottom: 20px; padding: 0px; outline: none; color: rgb(85, 85, 85); font-family: proxima-nova, ''Helvetica Neue'', helvetica, arial, sans-serif; line-height: 29.42943000793457px;">The&nbsp;<strong style="margin: 0px; padding: 0px; outline: none; color: rgb(37, 37, 37);">Speedlite 270EX II</strong>&nbsp;is a compact and lightweight flash designed for Canon EOS DSLRs. You can also use the 270EX II Speedlite with compact digital cameras that have a dedicated flash shoe mount.</p><p style="margin-bottom: 20px; padding: 0px; outline: none; color: rgb(85, 85, 85); font-family: proxima-nova, ''Helvetica Neue'', helvetica, arial, sans-serif; line-height: 29.42943000793457px;">The 270EX II features a Tele/Wide function that allows you to easily adjust the illumination angle and guide number to your liking. Flash coverage can be switched between Normal (28mm full-frame equivalent, max. Guide No. 72 ft./22m at ISO 100) and Tele (50mm full-frame equivalent, max. Guide No. 89 ft./27m at ISO 100). There''s also a manual power adjustment from 1/1 to 1/64.</p><p style="margin-bottom: 20px; padding: 0px; outline: none; color: rgb(85, 85, 85); font-family: proxima-nova, ''Helvetica Neue'', helvetica, arial, sans-serif; line-height: 29.42943000793457px;">When using the 270EX II with a DSLR with a master function, you can use the 270EX II as a wireless slave flash. The flash release function triggers the camera wirelessly from the flash on a 2-second delay, allowing the flash to be repositioned to illuminate the subject.</p>', '<table class="data-table" id="product-attribute-specs-table" style="margin: 0px 0px 10px; padding: 0px; outline: none; border-collapse: separate; border-bottom-width: 0px; width: 614.1141357421875px; color: rgb(85, 85, 85); font-family: proxima-nova, ''Helvetica Neue'', helvetica, arial, sans-serif; line-height: 29.42943000793457px; background-color: rgb(255, 255, 255);"><tbody style="margin: 0px; padding: 0px; outline: none;"><tr class="first odd" style="margin: 0px; padding: 0px; outline: none;"><th class="label" style="margin: 0px; padding: 5px 10px; outline: none; color: rgb(54, 54, 54); border-color: rgb(255, 255, 255); background-color: rgb(247, 247, 247);">Manufacturer</th><td class="data last" style="margin: 0px; padding: 10px; outline: none;">Canon</td></tr><tr class="even" style="margin: 0px; padding: 0px; outline: none; background-color: rgb(241, 241, 241);"><th class="label" style="margin: 0px; padding: 5px 10px; outline: none; color: rgb(54, 54, 54); border-color: rgb(255, 255, 255); background-color: rgb(247, 247, 247);">Manufacturer SKU</th><td class="data last" style="margin: 0px; padding: 10px; outline: none;">5247B002</td></tr><tr class="odd" style="margin: 0px; padding: 0px; outline: none;"><th class="label" style="margin: 0px; padding: 5px 10px; outline: none; color: rgb(54, 54, 54); border-color: rgb(255, 255, 255); background-color: rgb(247, 247, 247);">UPC</th><td class="data last" style="margin: 0px; padding: 10px; outline: none;">013803135268</td></tr><tr class="even" style="margin: 0px; padding: 0px; outline: none; background-color: rgb(241, 241, 241);"><th class="label" style="margin: 0px; padding: 5px 10px; outline: none; color: rgb(54, 54, 54); border-color: rgb(255, 255, 255); background-color: rgb(247, 247, 247);">Guide Number</th><td class="data last" style="margin: 0px; padding: 10px; outline: none;">89 feet at 100 ISO</td></tr><tr class="odd" style="margin: 0px; padding: 0px; outline: none;"><th class="label" style="margin: 0px; padding: 5px 10px; outline: none; color: rgb(54, 54, 54); border-color: rgb(255, 255, 255); background-color: rgb(247, 247, 247);">Lens Coverage</th><td class="data last" style="margin: 0px; padding: 10px; outline: none;">28 to 50 mm</td></tr><tr class="even" style="margin: 0px; padding: 0px; outline: none; background-color: rgb(241, 241, 241);"><th class="label" style="margin: 0px; padding: 5px 10px; outline: none; color: rgb(54, 54, 54); border-color: rgb(255, 255, 255); background-color: rgb(247, 247, 247);">Minimum Recycling Time</th><td class="data last" style="margin: 0px; padding: 10px; outline: none;">0.1 - 3.9 sec. recycling time</td></tr><tr class="odd" style="margin: 0px; padding: 0px; outline: none;"><th class="label" style="margin: 0px; padding: 5px 10px; outline: none; color: rgb(54, 54, 54); border-color: rgb(255, 255, 255); background-color: rgb(247, 247, 247);">Bounce Head</th><td class="data last" style="margin: 0px; padding: 10px; outline: none;">Yes</td></tr><tr class="last even" style="margin: 0px; padding: 0px; outline: none; background-color: rgb(241, 241, 241);"><th class="label" style="margin: 0px; padding: 5px 10px; outline: none; color: rgb(54, 54, 54); border-color: rgb(255, 255, 255); background-color: rgb(247, 247, 247);">Swivel Head</th><td class="data last" style="margin: 0px; padding: 10px; outline: none;">No</td></tr></tbody></table>', '9', 2, '2 weeks', '2014-04-11', 99999, 12, true, '/static/catalog/images/products/xx270ex_1.jpg', true, 0);
INSERT INTO manager_catalogitem VALUES (100006, '60 mm f2.4 XF Lens', 'Fujifilm', 649.95, 300.00, 0.05, '<h2 style="margin-top: 0px; padding: 0px; outline: none; font-size: 2rem; color: rgb(37, 37, 37); font-family: proxima-nova, ''Helvetica Neue'', helvetica, arial, sans-serif; line-height: 2.2rem; background-color: rgb(249, 249, 249);">Quick Overview</h2><h2 style="margin-top: 0px; padding: 0px; outline: none; font-size: 2rem; color: rgb(37, 37, 37); font-family: proxima-nova, ''Helvetica Neue'', helvetica, arial, sans-serif; line-height: 2.2rem;"><ul style="margin-bottom: 0px; margin-left: 0px; outline: none; list-style: none; color: rgb(85, 85, 85); font-size: 15.0150146484375px; font-weight: normal; line-height: 29.42943000793457px; background-color: rgb(249, 249, 249);"><li style="margin: 0px 15px 5px; padding: 0px; outline: none; list-style: disc;">Equivalent to 90mm Short Telephoto Lens</li><li style="margin: 0px 15px 5px; padding: 0px; outline: none; list-style: disc;">Magnification of 0.5x</li><li style="margin: 0px 15px 5px; padding: 0px; outline: none; list-style: disc;">Aspheric and ED Elements</li></ul></h2><h2 style="margin-top: 0px; padding: 0px; outline: none; font-size: 2rem; color: rgb(37, 37, 37); font-family: proxima-nova, ''Helvetica Neue'', helvetica, arial, sans-serif; line-height: 2.2rem;">Details</h2><div class="std" style="margin: 0px; padding: 0px; outline: none; color: rgb(85, 85, 85); font-family: proxima-nova, ''Helvetica Neue'', helvetica, arial, sans-serif; line-height: 29.42943000793457px;"><p style="margin-bottom: 20px; padding: 0px; outline: none;">The&nbsp;<strong style="margin: 0px; padding: 0px; outline: none; color: rgb(37, 37, 37);">Fujifilm 60mm f2.4 XF Lens</strong>&nbsp;for the Fujifilm X-Pro 1 is a short telephoto lens equivalent to 90mm in 35mm format. The bright f/2.4 aperture allows shooting in low light and provides gorgeous bokeh with a 9-blade aperture design. A great lens for shooting stunning portraits.</p><p style="margin-bottom: 20px; padding: 0px; outline: none;">The Fuji FinePix X-PRO1 60mm f2.4 Lens is designed to take advantage of the X-Pro1''s mirrorless design, with the rear element of the lens placed as closely to the sensor as possible, minimizing back focus distance. The lens includes a metal barrel and Aspheric and ED elements to combat field curvature and chromatic aberration. The 60mm f2.4 Lens macro lens has a maximum magnification of 0.5x, and the aperture ring has 1/3-stop click stops for precise exposures.</p></div>', '<table class="data-table" id="product-attribute-specs-table" style="margin: 0px 0px 10px; padding: 0px; outline: none; border-collapse: separate; border-bottom-width: 0px; width: 614.1141357421875px; color: rgb(85, 85, 85); font-family: proxima-nova, ''Helvetica Neue'', helvetica, arial, sans-serif; line-height: 29.42943000793457px; background-color: rgb(255, 255, 255);"><tbody style="margin: 0px; padding: 0px; outline: none;"><tr class="first odd" style="margin: 0px; padding: 0px; outline: none;"><th class="label" style="margin: 0px; padding: 5px 10px; outline: none; color: rgb(54, 54, 54); border-color: rgb(255, 255, 255); background-color: rgb(247, 247, 247);">Manufacturer</th><td class="data last" style="margin: 0px; padding: 10px; outline: none;">Fuji</td></tr><tr class="even" style="margin: 0px; padding: 0px; outline: none; background-color: rgb(241, 241, 241);"><th class="label" style="margin: 0px; padding: 5px 10px; outline: none; color: rgb(54, 54, 54); border-color: rgb(255, 255, 255); background-color: rgb(247, 247, 247);">Manufacturer SKU</th><td class="data last" style="margin: 0px; padding: 10px; outline: none;">16240767</td></tr><tr class="odd" style="margin: 0px; padding: 0px; outline: none;"><th class="label" style="margin: 0px; padding: 5px 10px; outline: none; color: rgb(54, 54, 54); border-color: rgb(255, 255, 255); background-color: rgb(247, 247, 247);">UPC</th><td class="data last" style="margin: 0px; padding: 10px; outline: none;">074101014044</td></tr><tr class="even" style="margin: 0px; padding: 0px; outline: none; background-color: rgb(241, 241, 241);"><th class="label" style="margin: 0px; padding: 5px 10px; outline: none; color: rgb(54, 54, 54); border-color: rgb(255, 255, 255); background-color: rgb(247, 247, 247);">Aperture</th><td class="data last" style="margin: 0px; padding: 10px; outline: none;">f/2.4</td></tr><tr class="odd" style="margin: 0px; padding: 0px; outline: none;"><th class="label" style="margin: 0px; padding: 5px 10px; outline: none; color: rgb(54, 54, 54); border-color: rgb(255, 255, 255); background-color: rgb(247, 247, 247);">Color</th><td class="data last" style="margin: 0px; padding: 10px; outline: none;">Black</td></tr><tr class="even" style="margin: 0px; padding: 0px; outline: none; background-color: rgb(241, 241, 241);"><th class="label" style="margin: 0px; padding: 5px 10px; outline: none; color: rgb(54, 54, 54); border-color: rgb(255, 255, 255); background-color: rgb(247, 247, 247);">Mount Type</th><td class="data last" style="margin: 0px; padding: 10px; outline: none;">Fuji-X</td></tr><tr class="odd" style="margin: 0px; padding: 0px; outline: none;"><th class="label" style="margin: 0px; padding: 5px 10px; outline: none; color: rgb(54, 54, 54); border-color: rgb(255, 255, 255); background-color: rgb(247, 247, 247);">Stabilization</th><td class="data last" style="margin: 0px; padding: 10px; outline: none;">n/a</td></tr><tr class="even" style="margin: 0px; padding: 0px; outline: none; background-color: rgb(241, 241, 241);"><th class="label" style="margin: 0px; padding: 5px 10px; outline: none; color: rgb(54, 54, 54); border-color: rgb(255, 255, 255); background-color: rgb(247, 247, 247);">Lens Type</th><td class="data last" style="margin: 0px; padding: 10px; outline: none;">Fixed Focal Length</td></tr><tr class="odd" style="margin: 0px; padding: 0px; outline: none;"><th class="label" style="margin: 0px; padding: 5px 10px; outline: none; color: rgb(54, 54, 54); border-color: rgb(255, 255, 255); background-color: rgb(247, 247, 247);">Circular Filter Size</th><td class="data last" style="margin: 0px; padding: 10px; outline: none;">39mm</td></tr><tr class="last even" style="margin: 0px; padding: 0px; outline: none; background-color: rgb(241, 241, 241);"><th class="label" style="margin: 0px; padding: 5px 10px; outline: none; color: rgb(54, 54, 54); border-color: rgb(255, 255, 255); background-color: rgb(247, 247, 247);">Focus Type</th><td class="data last" style="margin: 0px; padding: 10px; outline: none;">Autofocus</td></tr></tbody></table>', '207', 3, '2 weeks', '2014-04-11', 99999, 9, true, '/static/catalog/images/products/fuji_2_60mm_main.jpg', true, 0);
INSERT INTO manager_catalogitem VALUES (100007, '35mm T1.5 Cine UMC Wide-Angle Lens Canon', 'Rokinon', 549.00, 300.00, 0.05, '<h2 style="margin-top: 0px; padding: 0px; outline: none; font-size: 2rem; color: rgb(37, 37, 37); font-family: proxima-nova, ''Helvetica Neue'', helvetica, arial, sans-serif; line-height: 2.2rem;">Details</h2><h1 style="margin-top: 0px; margin-bottom: 25px; padding: 0px; outline: none; font-size: 2.4rem; color: rgb(37, 37, 37); font-family: proxima-nova, ''Helvetica Neue'', helvetica, arial, sans-serif; line-height: 3rem; width: 650px;"><div class="std" style="margin: 0px; padding: 0px; outline: none; color: rgb(85, 85, 85); font-size: 15.0150146484375px; font-weight: normal; line-height: 29.42943000793457px;"><p style="margin-bottom: 20px; padding: 0px; outline: none;">The&nbsp;<strong style="margin: 0px; padding: 0px; outline: none; color: rgb(37, 37, 37);">Rokinon 35mm T1.5 Cine UMC Wide-Angle Lens for Canon</strong>&nbsp;features geared manual focus and aperture control rings and is made especially for DSLR video enthusiasts, videographers, and cinematographers. The aperture ring has been "declicked," allowing for smooth iris pulls. Additionally, depth of field markings provide an excellent aid to focus pullers. This lens is optically identical to the Rokinon 35mm f/1.4, which is known for its excellent sharpness, contrast and bokeh. The 35mm lens focuses as close as 12" from the lens.</p><ul style="margin-bottom: 0px; margin-left: 0px; outline: none; list-style: none;"><li style="margin: 0px 0px 7px; padding: 0px; outline: none; list-style: disc inside;">At T1.5 this lens is great for low light and shallow depth of field</li><li style="margin: 0px 0px 7px; padding: 0px; outline: none; list-style: disc inside;">The focus and aperture control rings feature industry standard gearing</li><li style="margin: 0px 0px 7px; padding: 0px; outline: none; list-style: disc inside;">Covers a wide range of sensor formats, including full-frame 35mm</li><li style="margin: 0px 0px 7px; padding: 0px; outline: none; list-style: disc inside;">10 elements in 12 groups, including one hybrid aspherical lens</li><li style="margin: 0px 0px 7px; padding: 0px; outline: none; list-style: disc inside;">Minimum focusing distance of 12"</li><li style="margin: 0px 0px 7px; padding: 0px; outline: none; list-style: disc inside;">Depth of field markings aid in pulling focus</li></ul></div></h1>', '<table class="data-table" id="product-attribute-specs-table" style="margin: 0px 0px 10px; padding: 0px; outline: none; border-collapse: separate; border-bottom-width: 0px; width: 614.1141357421875px; color: rgb(85, 85, 85); font-family: proxima-nova, ''Helvetica Neue'', helvetica, arial, sans-serif; line-height: 29.42943000793457px; background-color: rgb(255, 255, 255);"><colgroup style="margin: 0px; padding: 0px; outline: none;"><col width="25%" style="margin: 0px; padding: 0px; outline: none;"><col style="margin: 0px; padding: 0px; outline: none;"></colgroup><tbody style="margin: 0px; padding: 0px; outline: none;"><tr class="first odd" style="margin: 0px; padding: 0px; outline: none;"><th class="label" style="margin: 0px; padding: 5px 10px; outline: none; color: rgb(54, 54, 54); border-color: rgb(255, 255, 255); background-color: rgb(247, 247, 247);">Manufacturer</th><td class="data last" style="margin: 0px; padding: 10px; outline: none;">Rokinon</td></tr><tr class="even" style="margin: 0px; padding: 0px; outline: none; background-color: rgb(241, 241, 241);"><th class="label" style="margin: 0px; padding: 5px 10px; outline: none; color: rgb(54, 54, 54); border-color: rgb(255, 255, 255); background-color: rgb(247, 247, 247);">Manufacturer SKU</th><td class="data last" style="margin: 0px; padding: 10px; outline: none;">CV35-C</td></tr><tr class="odd" style="margin: 0px; padding: 0px; outline: none;"><th class="label" style="margin: 0px; padding: 5px 10px; outline: none; color: rgb(54, 54, 54); border-color: rgb(255, 255, 255); background-color: rgb(247, 247, 247);">UPC</th><td class="data last" style="margin: 0px; padding: 10px; outline: none;">084438760613</td></tr><tr class="even" style="margin: 0px; padding: 0px; outline: none; background-color: rgb(241, 241, 241);"><th class="label" style="margin: 0px; padding: 5px 10px; outline: none; color: rgb(54, 54, 54); border-color: rgb(255, 255, 255); background-color: rgb(247, 247, 247);">Lens Type</th><td class="data last" style="margin: 0px; padding: 10px; outline: none;">Fixed Focal Length</td></tr><tr class="odd" style="margin: 0px; padding: 0px; outline: none;"><th class="label" style="margin: 0px; padding: 5px 10px; outline: none; color: rgb(54, 54, 54); border-color: rgb(255, 255, 255); background-color: rgb(247, 247, 247);">Mount Type</th><td class="data last" style="margin: 0px; padding: 10px; outline: none;">EF</td></tr><tr class="even" style="margin: 0px; padding: 0px; outline: none; background-color: rgb(241, 241, 241);"><th class="label" style="margin: 0px; padding: 5px 10px; outline: none; color: rgb(54, 54, 54); border-color: rgb(255, 255, 255); background-color: rgb(247, 247, 247);">Aperture</th><td class="data last" style="margin: 0px; padding: 10px; outline: none;">1:1.5</td></tr><tr class="odd" style="margin: 0px; padding: 0px; outline: none;"><th class="label" style="margin: 0px; padding: 5px 10px; outline: none; color: rgb(54, 54, 54); border-color: rgb(255, 255, 255); background-color: rgb(247, 247, 247);">Focus Type</th><td class="data last" style="margin: 0px; padding: 10px; outline: none;">Manual</td></tr><tr class="even" style="margin: 0px; padding: 0px; outline: none; background-color: rgb(241, 241, 241);"><th class="label" style="margin: 0px; padding: 5px 10px; outline: none; color: rgb(54, 54, 54); border-color: rgb(255, 255, 255); background-color: rgb(247, 247, 247);">Circular Filter Size</th><td class="data last" style="margin: 0px; padding: 10px; outline: none;">77mm</td></tr><tr class="last odd" style="margin: 0px; padding: 0px; outline: none;"><th class="label" style="margin: 0px; padding: 5px 10px; outline: none; color: rgb(54, 54, 54); border-color: rgb(255, 255, 255); background-color: rgb(247, 247, 247);">Stabilization</th><td class="data last" style="margin: 0px; padding: 10px; outline: none;">n/a</td></tr></tbody></table>', '209', 1, '2 weeks', '2014-04-11', 99999, 7, true, '/static/catalog/images/products/rokinon_2_35mmt1.5_main.jpg', true, 0);
INSERT INTO manager_catalogitem VALUES (100008, 'EF 100mm f2.8L Macro IS USM Lens', 'Canon', 1049.00, 549.00, 0.05, '<p style="margin-bottom: 20px; padding: 0px; outline: none; color: rgb(85, 85, 85); font-family: proxima-nova, ''Helvetica Neue'', helvetica, arial, sans-serif; line-height: 29.42943000793457px;">The&nbsp;<strong style="margin: 0px; padding: 0px; outline: none; color: rgb(37, 37, 37);">Canon EF 100mm f2.8L Macro IS USM Lens</strong>&nbsp;is Canon''s newest "L" series lens and its first mid-telephoto macro lens to include Canon''s sophisticated Image Stabilization. With the highest quality optics available, combined with near-silent Ultrasonic focusing and life-size close-up capabilities without an adapter, the EF 100mm f/2.8L Macro IS USM is simply unrivaled.</p><p style="margin-bottom: 20px; padding: 0px; outline: none; color: rgb(85, 85, 85); font-family: proxima-nova, ''Helvetica Neue'', helvetica, arial, sans-serif; line-height: 29.42943000793457px;">The Canon EF 100mm f2.8L Macro IS USM is the first lens on the market to incorporate Canon''s new Hybrid Image Stabilization Technology. Hybrid IS effectively compensates for both angular and shift camera shake during close-up shooting. The lens was developed to expand users'' photographing range and allow a wider range of users to easily enjoy macro photography.</p><p style="margin-bottom: 20px; padding: 0px; outline: none; color: rgb(85, 85, 85); font-family: proxima-nova, ''Helvetica Neue'', helvetica, arial, sans-serif; line-height: 29.42943000793457px;">&nbsp;</p><ul style="margin-bottom: 0px; margin-left: 0px; outline: none; list-style: none; color: rgb(85, 85, 85); font-family: proxima-nova, ''Helvetica Neue'', helvetica, arial, sans-serif; line-height: 29.42943000793457px;"><li style="margin: 0px 0px 7px; padding: 0px; outline: none; list-style: disc inside;">Mid-telephoto macro lens includes Canon''s Hybrid Image Stabilization Technology</li><li style="margin: 0px 0px 7px; padding: 0px; outline: none; list-style: disc inside;">Compensates for both angular and shift camera vibration</li><li style="margin: 0px 0px 7px; padding: 0px; outline: none; list-style: disc inside;">Full-time manual focus, and life-size close-up capabilities</li><li style="margin: 0px 0px 7px; padding: 0px; outline: none; list-style: disc inside;">Near silent internal focusing system with USM</li></ul>', '<table class="data-table" id="product-attribute-specs-table" style="margin: 0px 0px 10px; padding: 0px; outline: none; border-collapse: separate; border-bottom-width: 0px; width: 614.1141357421875px; color: rgb(85, 85, 85); font-family: proxima-nova, ''Helvetica Neue'', helvetica, arial, sans-serif; line-height: 29.42943000793457px; background-color: rgb(255, 255, 255);"><tbody style="margin: 0px; padding: 0px; outline: none;"><tr class="first odd" style="margin: 0px; padding: 0px; outline: none;"><th class="label" style="margin: 0px; padding: 5px 10px; outline: none; color: rgb(54, 54, 54); border-color: rgb(255, 255, 255); background-color: rgb(247, 247, 247);">Manufacturer</th><td class="data last" style="margin: 0px; padding: 10px; outline: none;">Canon</td></tr><tr class="even" style="margin: 0px; padding: 0px; outline: none; background-color: rgb(241, 241, 241);"><th class="label" style="margin: 0px; padding: 5px 10px; outline: none; color: rgb(54, 54, 54); border-color: rgb(255, 255, 255); background-color: rgb(247, 247, 247);">Manufacturer SKU</th><td class="data last" style="margin: 0px; padding: 10px; outline: none;">3554B002</td></tr><tr class="odd" style="margin: 0px; padding: 0px; outline: none;"><th class="label" style="margin: 0px; padding: 5px 10px; outline: none; color: rgb(54, 54, 54); border-color: rgb(255, 255, 255); background-color: rgb(247, 247, 247);">UPC</th><td class="data last" style="margin: 0px; padding: 10px; outline: none;">013803108620</td></tr><tr class="even" style="margin: 0px; padding: 0px; outline: none; background-color: rgb(241, 241, 241);"><th class="label" style="margin: 0px; padding: 5px 10px; outline: none; color: rgb(54, 54, 54); border-color: rgb(255, 255, 255); background-color: rgb(247, 247, 247);">Lens Type</th><td class="data last" style="margin: 0px; padding: 10px; outline: none;">Macro</td></tr><tr class="odd" style="margin: 0px; padding: 0px; outline: none;"><th class="label" style="margin: 0px; padding: 5px 10px; outline: none; color: rgb(54, 54, 54); border-color: rgb(255, 255, 255); background-color: rgb(247, 247, 247);">Mount Type</th><td class="data last" style="margin: 0px; padding: 10px; outline: none;">EF</td></tr><tr class="even" style="margin: 0px; padding: 0px; outline: none; background-color: rgb(241, 241, 241);"><th class="label" style="margin: 0px; padding: 5px 10px; outline: none; color: rgb(54, 54, 54); border-color: rgb(255, 255, 255); background-color: rgb(247, 247, 247);">Aperture</th><td class="data last" style="margin: 0px; padding: 10px; outline: none;">f/2.8</td></tr><tr class="odd" style="margin: 0px; padding: 0px; outline: none;"><th class="label" style="margin: 0px; padding: 5px 10px; outline: none; color: rgb(54, 54, 54); border-color: rgb(255, 255, 255); background-color: rgb(247, 247, 247);">Focus Type</th><td class="data last" style="margin: 0px; padding: 10px; outline: none;">Autofocus</td></tr><tr class="even" style="margin: 0px; padding: 0px; outline: none; background-color: rgb(241, 241, 241);"><th class="label" style="margin: 0px; padding: 5px 10px; outline: none; color: rgb(54, 54, 54); border-color: rgb(255, 255, 255); background-color: rgb(247, 247, 247);">Circular Filter Size</th><td class="data last" style="margin: 0px; padding: 10px; outline: none;">67mm</td></tr><tr class="last odd" style="margin: 0px; padding: 0px; outline: none;"><th class="label" style="margin: 0px; padding: 5px 10px; outline: none; color: rgb(54, 54, 54); border-color: rgb(255, 255, 255); background-color: rgb(247, 247, 247);">Stabilization</th><td class="data last" style="margin: 0px; padding: 10px; outline: none;">IS</td></tr></tbody></table>', '234', 2, '2 weeks', '2014-04-11', 99999, 7, true, '/static/catalog/images/products/default.png', true, 0);
INSERT INTO manager_catalogitem VALUES (100009, 'Ultra 64GB SDXC Class 10 30 MB/s', 'SanDisk', 69.95, 39.95, 0.05, '<p><span style="color: rgb(85, 85, 85); font-family: proxima-nova, ''Helvetica Neue'', helvetica, arial, sans-serif; line-height: 29.42943000793457px;">Get exactly the shots you want with the SanDisk Ultra 64GB SDXC Class 10 30 MB/s memory card. With up to 30 MB/s read/write speeds, you''ll see it takes more than a great digital SLR camera to bring your ideas to life. And with 64GB of space, you''ll have room to capture it all in RAW+JPEG, and save the editing for later.&nbsp;SanDisk engineered its Power Core Controller to take whatever your camera''s buffer can dish out. By distributing image data across the card more rapidly and efficiently, this card delivers professional performance.</span><br></p>', '<table class="data-table" id="product-attribute-specs-table" style="margin: 0px 0px 10px; padding: 0px; outline: none; border-collapse: separate; border-bottom-width: 0px; width: 614.1141357421875px; color: rgb(85, 85, 85); font-family: proxima-nova, ''Helvetica Neue'', helvetica, arial, sans-serif; line-height: 29.42943000793457px; background-color: rgb(255, 255, 255);"><colgroup style="margin: 0px; padding: 0px; outline: none;"><col width="25%" style="margin: 0px; padding: 0px; outline: none;"><col style="margin: 0px; padding: 0px; outline: none;"></colgroup><tbody style="margin: 0px; padding: 0px; outline: none;"><tr class="first odd" style="margin: 0px; padding: 0px; outline: none;"><th class="label" style="margin: 0px; padding: 5px 10px; outline: none; color: rgb(54, 54, 54); border-color: rgb(255, 255, 255); background-color: rgb(247, 247, 247);">Manufacturer</th><td class="data last" style="margin: 0px; padding: 10px; outline: none;">SanDisk</td></tr><tr class="even" style="margin: 0px; padding: 0px; outline: none; background-color: rgb(241, 241, 241);"><th class="label" style="margin: 0px; padding: 5px 10px; outline: none; color: rgb(54, 54, 54); border-color: rgb(255, 255, 255); background-color: rgb(247, 247, 247);">Manufacturer SKU</th><td class="data last" style="margin: 0px; padding: 10px; outline: none;">SDSDU064GA11</td></tr><tr class="odd" style="margin: 0px; padding: 0px; outline: none;"><th class="label" style="margin: 0px; padding: 5px 10px; outline: none; color: rgb(54, 54, 54); border-color: rgb(255, 255, 255); background-color: rgb(247, 247, 247);">UPC</th><td class="data last" style="margin: 0px; padding: 10px; outline: none;">619659077747</td></tr><tr class="even" style="margin: 0px; padding: 0px; outline: none; background-color: rgb(241, 241, 241);"><th class="label" style="margin: 0px; padding: 5px 10px; outline: none; color: rgb(54, 54, 54); border-color: rgb(255, 255, 255); background-color: rgb(247, 247, 247);">Storage Size</th><td class="data last" style="margin: 0px; padding: 10px; outline: none;">64GB</td></tr><tr class="last odd" style="margin: 0px; padding: 0px; outline: none;"><th class="label" style="margin: 0px; padding: 5px 10px; outline: none; color: rgb(54, 54, 54); border-color: rgb(255, 255, 255); background-color: rgb(247, 247, 247);">Memory Card Type</th><td class="data last" style="margin: 0px; padding: 10px; outline: none;">SD/SDHC/SDXC</td></tr></tbody></table>', '101', 2, '2 weeks', '2014-04-11', 99999, 5, true, '/static/catalog/images/products/sandisk_1_sd_64gb_ultra.jpg', true, 0);
INSERT INTO manager_catalogitem VALUES (100010, 'EF-X20 Shoe Mount Flash', 'Fujifilm', 228.99, 100.00, 0.05, '<h2 style="margin-top: 0px; padding: 0px; outline: none; font-size: 2rem; color: rgb(37, 37, 37); font-family: proxima-nova, ''Helvetica Neue'', helvetica, arial, sans-serif; line-height: 2.2rem;">Details</h2><div class="std" style="margin: 0px; padding: 0px; outline: none; color: rgb(85, 85, 85); font-family: proxima-nova, ''Helvetica Neue'', helvetica, arial, sans-serif; line-height: 29.42943000793457px;"><p style="margin-bottom: 20px; padding: 0px; outline: none;">The&nbsp;<strong style="margin: 0px; padding: 0px; outline: none; color: rgb(37, 37, 37);">Fuji EF-X20 Shoe Mount Flash</strong>&nbsp;is compact and lightweight with exceptional flash performance! The special external flash (GN20) is designed to match the distinctive body styling of the X Series while ensuring natural shooting. One dial lets you choose between two modes. Auto automatically optimizes flash for both outdoor daylight and dark indoor shots, while manual is perfect for hands-on control.</p><p style="margin-bottom: 20px; padding: 0px; outline: none;">When using a wide angle lens, easy one-touch operation lets you take advantage of the built-in flash diffuser. With the FUJIFILM''s unique flash control technology "i Flash technology," the EF-X20 automatically optimizes the amount of light suitable to every shooting condition. It''s crafted from premium metal materials to compliment the design of the X-Series cameras with an ergonomic design for responsive dial control. The built-in wide diffuser can be selected by using the lever on the side of the flash.</p><p style="margin-bottom: 20px; padding: 0px; outline: none;"><strong style="margin: 0px; padding: 0px; outline: none; color: rgb(37, 37, 37);">Exposure setting dial</strong></p><ul style="margin-bottom: 0px; margin-left: 0px; outline: none; list-style: none;"><li style="margin: 0px 0px 7px; padding: 0px; outline: none; list-style: disc inside;">Enables flash compensation from -1EV to +1EV in increments of 1/3 stops in the TTL Auto mode.</li><li style="margin: 0px 0px 7px; padding: 0px; outline: none; list-style: disc inside;">Enables flash output levels of 1/1, 1/2, 1/4, 1/8, 1/16, 1/32 and 1/64 in the Manual mode.</li><li style="margin: 0px 0px 7px; padding: 0px; outline: none; list-style: disc inside;">Immediate visual confirmation of settings even when the unit is turned OFF.</li></ul><p style="margin-bottom: 20px; padding: 0px; outline: none;"><strong style="margin: 0px; padding: 0px; outline: none; color: rgb(37, 37, 37);">Lever for setting wide panel</strong><br style="margin: 0px; padding: 0px; outline: none;">Raise the lever to support a focal length of down to 20mm (35mm film equivalent).</p><p style="margin-bottom: 20px; padding: 0px; outline: none;"><strong style="margin: 0px; padding: 0px; outline: none; color: rgb(37, 37, 37);">Mounting lock releasing button</strong><br style="margin: 0px; padding: 0px; outline: none;">The EF-X20 Shoe Mount Flash features a new mechanism that automatically locks the shoe-mount flash unit when it is placed on the hot shoe. The mechanism firmly fixes the flash unit in place without operating the locking bar or tightening the screw.</p><p style="margin-bottom: 20px; padding: 0px; outline: none;"><strong style="margin: 0px; padding: 0px; outline: none; color: rgb(37, 37, 37);">Wireless slave flash selector</strong><br style="margin: 0px; padding: 0px; outline: none;">To use the unit as a master flash, set the switch to X. To use the unit as a slave flash, set the switch to N-MODE if the master flash is the "non-preflash" type and P-MODE if the master flash is the "preflash" type. The unit fires automatically upon detecting light from the master flash.</p><p style="margin-bottom: 20px; padding: 0px; outline: none;"><strong style="margin: 0px; padding: 0px; outline: none; color: rgb(37, 37, 37);">The Fuji EF-X20 Shoe Mount Flash is compatible with the following models:</strong></p><p style="margin-bottom: 20px; padding: 0px; outline: none;">FinePix X100 / HS30EXR / HS33EXR / HS25EXR / HS28EXR / HS20EXR / HS22EXR / SL300 / SL305 / SL280 / SL260 / SL240, FUJIFILM X10 / X-S1 / X-Pro1 / X-E1</p></div>', '<h2 style="margin-top: 0px; padding: 0px; outline: none; font-size: 2rem; color: rgb(37, 37, 37); font-family: proxima-nova, ''Helvetica Neue'', helvetica, arial, sans-serif; line-height: 2.2rem;">Additional Information</h2><table class="data-table" id="product-attribute-specs-table" style="margin: 0px 0px 10px; padding: 0px; outline: none; border-collapse: separate; border-bottom-width: 0px; width: 614.1141357421875px; color: rgb(85, 85, 85); font-family: proxima-nova, ''Helvetica Neue'', helvetica, arial, sans-serif; line-height: 29.42943000793457px; background-color: rgb(255, 255, 255);"><colgroup style="margin: 0px; padding: 0px; outline: none;"><col width="25%" style="margin: 0px; padding: 0px; outline: none;"><col style="margin: 0px; padding: 0px; outline: none;"></colgroup><tbody style="margin: 0px; padding: 0px; outline: none;"><tr class="first odd" style="margin: 0px; padding: 0px; outline: none;"><th class="label" style="margin: 0px; padding: 5px 10px; outline: none; color: rgb(54, 54, 54); border-color: rgb(255, 255, 255); background-color: rgb(247, 247, 247);">Manufacturer</th><td class="data last" style="margin: 0px; padding: 10px; outline: none;">Fuji</td></tr><tr class="even" style="margin: 0px; padding: 0px; outline: none; background-color: rgb(241, 241, 241);"><th class="label" style="margin: 0px; padding: 5px 10px; outline: none; color: rgb(54, 54, 54); border-color: rgb(255, 255, 255); background-color: rgb(247, 247, 247);">Manufacturer SKU</th><td class="data last" style="margin: 0px; padding: 10px; outline: none;">16241307</td></tr><tr class="odd" style="margin: 0px; padding: 0px; outline: none;"><th class="label" style="margin: 0px; padding: 5px 10px; outline: none; color: rgb(54, 54, 54); border-color: rgb(255, 255, 255); background-color: rgb(247, 247, 247);">UPC</th><td class="data last" style="margin: 0px; padding: 10px; outline: none;">074101014662</td></tr><tr class="even" style="margin: 0px; padding: 0px; outline: none; background-color: rgb(241, 241, 241);"><th class="label" style="margin: 0px; padding: 5px 10px; outline: none; color: rgb(54, 54, 54); border-color: rgb(255, 255, 255); background-color: rgb(247, 247, 247);">Guide Number</th><td class="data last" style="margin: 0px; padding: 10px; outline: none;">Guide number 20</td></tr><tr class="odd" style="margin: 0px; padding: 0px; outline: none;"><th class="label" style="margin: 0px; padding: 5px 10px; outline: none; color: rgb(54, 54, 54); border-color: rgb(255, 255, 255); background-color: rgb(247, 247, 247);">Lens Coverage</th><td class="data last" style="margin: 0px; padding: 10px; outline: none;">20 mm (Full frame)</td></tr><tr class="even" style="margin: 0px; padding: 0px; outline: none; background-color: rgb(241, 241, 241);"><th class="label" style="margin: 0px; padding: 5px 10px; outline: none; color: rgb(54, 54, 54); border-color: rgb(255, 255, 255); background-color: rgb(247, 247, 247);">Minimum Recycling Time</th><td class="data last" style="margin: 0px; padding: 10px; outline: none;">Approximately 5 seconds - 6 seconds</td></tr><tr class="odd" style="margin: 0px; padding: 0px; outline: none;"><th class="label" style="margin: 0px; padding: 5px 10px; outline: none; color: rgb(54, 54, 54); border-color: rgb(255, 255, 255); background-color: rgb(247, 247, 247);">Bounce Head</th><td class="data last" style="margin: 0px; padding: 10px; outline: none;">No</td></tr><tr class="last even" style="margin: 0px; padding: 0px; outline: none; background-color: rgb(241, 241, 241);"><th class="label" style="margin: 0px; padding: 5px 10px; outline: none; color: rgb(54, 54, 54); border-color: rgb(255, 255, 255); background-color: rgb(247, 247, 247);">Swivel Head</th><td class="data last" style="margin: 0px; padding: 10px; outline: none;">No</td></tr></tbody></table>', '1', 201, '3 Days', '2014-04-11', 99999, 14, true, '/static/catalog/images/products/fuji_1_x20_main.jpg', true, 0);
INSERT INTO manager_catalogitem VALUES (100011, 'Reflector SunSilver/White M (80cm/32")', 'Profoto', 79.00, 39.00, 0.05, '<h2 style="margin-top: 0px; padding: 0px; outline: none; font-size: 2rem; color: rgb(37, 37, 37); font-family: proxima-nova, ''Helvetica Neue'', helvetica, arial, sans-serif; line-height: 2.2rem;">Details</h2><div class="std" style="margin: 0px; padding: 0px; outline: none; color: rgb(85, 85, 85); font-family: proxima-nova, ''Helvetica Neue'', helvetica, arial, sans-serif; line-height: 29.42943000793457px;"><p style="margin-bottom: 20px; padding: 0px; outline: none;">The&nbsp;<strong style="margin: 0px; padding: 0px; outline: none; color: rgb(37, 37, 37);">Profoto Reflector SunSilver/White M (80cm/32")</strong>&nbsp;is a collapsible reflector with both sunsilver and white sides. Use the sunsilver side to create a warmer light with a slightly higher output and more contrast. Use the white side to reflect light more naturally on your subjects.</p><ul style="margin-bottom: 0px; margin-left: 0px; outline: none; list-style: none;"><li style="margin: 0px 0px 7px; padding: 0px; outline: none; list-style: disc inside;">Shape sunlight or bounce flash light.</li><li style="margin: 0px 0px 7px; padding: 0px; outline: none; list-style: disc inside;">Ergonomically shaped handles make the screens easy to fold and hold in various positions.</li><li style="margin: 0px 0px 7px; padding: 0px; outline: none; list-style: disc inside;">Sturdy yet easily foldable metal frame.</li><li style="margin: 0px 0px 7px; padding: 0px; outline: none; list-style: disc inside;">High-quality fabrics.</li></ul></div>', '<h2 style="margin-top: 0px; padding: 0px; outline: none; font-size: 2rem; color: rgb(37, 37, 37); font-family: proxima-nova, ''Helvetica Neue'', helvetica, arial, sans-serif; line-height: 2.2rem;">Additional Information</h2><table class="data-table" id="product-attribute-specs-table" style="margin: 0px 0px 10px; padding: 0px; outline: none; border-collapse: separate; border-bottom-width: 0px; width: 614.1141357421875px; color: rgb(85, 85, 85); font-family: proxima-nova, ''Helvetica Neue'', helvetica, arial, sans-serif; line-height: 29.42943000793457px; background-color: rgb(255, 255, 255);"><colgroup style="margin: 0px; padding: 0px; outline: none;"><col width="25%" style="margin: 0px; padding: 0px; outline: none;"><col style="margin: 0px; padding: 0px; outline: none;"></colgroup><tbody style="margin: 0px; padding: 0px; outline: none;"><tr class="first odd" style="margin: 0px; padding: 0px; outline: none;"><th class="label" style="margin: 0px; padding: 5px 10px; outline: none; color: rgb(54, 54, 54); border-color: rgb(255, 255, 255); background-color: rgb(247, 247, 247);">Manufacturer</th><td class="data last" style="margin: 0px; padding: 10px; outline: none;">Profoto</td></tr><tr class="even" style="margin: 0px; padding: 0px; outline: none; background-color: rgb(241, 241, 241);"><th class="label" style="margin: 0px; padding: 5px 10px; outline: none; color: rgb(54, 54, 54); border-color: rgb(255, 255, 255); background-color: rgb(247, 247, 247);">Manufacturer SKU</th><td class="data last" style="margin: 0px; padding: 10px; outline: none;">100962</td></tr><tr class="last odd" style="margin: 0px; padding: 0px; outline: none;"><th class="label" style="margin: 0px; padding: 5px 10px; outline: none; color: rgb(54, 54, 54); border-color: rgb(255, 255, 255); background-color: rgb(247, 247, 247);">UPC</th><td class="data last" style="margin: 0px; padding: 10px; outline: none;">734002753455</td></tr></tbody></table>', '3', 4, '3 Days', '2014-04-11', 99999, 15, true, '/static/catalog/images/products/profoto_4_reflectorsunsilverwhite_1.jpg', true, 0);
INSERT INTO manager_catalogitem VALUES (100012, '10.5mm f/2.8G ED-IF AF DX Fisheye Lens', 'Nikon', 774.95, 350.00, 0.05, '<h2 style="margin-top: 0px; padding: 0px; outline: none; font-size: 2rem; color: rgb(37, 37, 37); font-family: proxima-nova, ''Helvetica Neue'', helvetica, arial, sans-serif; line-height: 2.2rem;">Details</h2><div class="std" style="margin: 0px; padding: 0px; outline: none; color: rgb(85, 85, 85); font-family: proxima-nova, ''Helvetica Neue'', helvetica, arial, sans-serif; line-height: 29.42943000793457px;"><p style="margin-bottom: 20px; padding: 0px; outline: none;">The&nbsp;<strong style="margin: 0px; padding: 0px; outline: none; color: rgb(37, 37, 37);">Nikon 10.5mm f/2.8G ED-IF AF DX Fisheye Lens</strong>&nbsp;is an ultra-wide-angle, frame-filling fisheye, designed exclusively for use with Nikon’s DX-format, delivers incredible images with a 180-degree angle of view.</p><p style="margin-bottom: 20px; padding: 0px; outline: none;"><strong style="margin: 0px; padding: 0px; outline: none; color: rgb(37, 37, 37);">Fun and compact fisheye lens for DX-format cameras</strong><br style="margin: 0px; padding: 0px; outline: none;">This compact and lightweight fisheye lens makes anything you shoot more interesting. With its frame-filling 180° angle of view and unique bending effects, every scene and subject will take on new dimensions through the viewfinder. Achieve great low-light results with its fast f/2.8 maximum aperture, and get as close to your subjects as 1.2-in. (3-cm) with edge to edge sharpness in every shot.</p><p style="margin-bottom: 20px; padding: 0px; outline: none;"><strong style="margin: 0px; padding: 0px; outline: none; color: rgb(37, 37, 37);">Frame-filling 180° viewing angle</strong><br style="margin: 0px; padding: 0px; outline: none;">The AF DX Fisheye-NIKKOR 10.5mm f/2.8G ED achieves an ultra-wide picture angle of 180° on DX-format cameras while remaining compact and lightweight. Its unique fisheye bending effect with edge-to-edge sharpness opens up entirely new compositional possibilities. Try different viewpoints and angles to turn ordinary scenes into extraordinary photographs. And with a minimal focus distance of just 1.2-in. (3-cm), you can get an entirely new perspective on just about any subject.</p><p style="margin-bottom: 20px; padding: 0px; outline: none;"><strong style="margin: 0px; padding: 0px; outline: none; color: rgb(37, 37, 37);">Designed for creativity and performance</strong><br style="margin: 0px; padding: 0px; outline: none;">With a rounded diaphragm that makes out-of-focus elements appear more natural, a built-in flower-type lens hood and a 16mm equivalent focal length, the AF DX Fisheye-NIKKOR 10.5mm f/2.8G ED is optimized for DX-format Nikon D-SLR cameras. Its Extra-low Dispersion (ED) glass ensures superior sharpness and color, and Close-Range Correction (CRC) system provides high performance when taking pictures up close.</p></div>', '<table class="data-table" id="product-attribute-specs-table" style="margin: 0px 0px 10px; padding: 0px; outline: none; border-collapse: separate; border-bottom-width: 0px; width: 614.1141357421875px; color: rgb(85, 85, 85); font-family: proxima-nova, ''Helvetica Neue'', helvetica, arial, sans-serif; line-height: 29.42943000793457px; background-color: rgb(255, 255, 255);"><colgroup style="margin: 0px; padding: 0px; outline: none;"><col width="25%" style="margin: 0px; padding: 0px; outline: none;"><col style="margin: 0px; padding: 0px; outline: none;"></colgroup><tbody style="margin: 0px; padding: 0px; outline: none;"><tr class="first odd" style="margin: 0px; padding: 0px; outline: none;"><th class="label" style="margin: 0px; padding: 5px 10px; outline: none; color: rgb(54, 54, 54); border-color: rgb(255, 255, 255); background-color: rgb(247, 247, 247);">Manufacturer</th><td class="data last" style="margin: 0px; padding: 10px; outline: none;">Nikon</td></tr><tr class="even" style="margin: 0px; padding: 0px; outline: none; background-color: rgb(241, 241, 241);"><th class="label" style="margin: 0px; padding: 5px 10px; outline: none; color: rgb(54, 54, 54); border-color: rgb(255, 255, 255); background-color: rgb(247, 247, 247);">Manufacturer SKU</th><td class="data last" style="margin: 0px; padding: 10px; outline: none;">2148</td></tr><tr class="odd" style="margin: 0px; padding: 0px; outline: none;"><th class="label" style="margin: 0px; padding: 5px 10px; outline: none; color: rgb(54, 54, 54); border-color: rgb(255, 255, 255); background-color: rgb(247, 247, 247);">UPC</th><td class="data last" style="margin: 0px; padding: 10px; outline: none;">018208021482</td></tr><tr class="even" style="margin: 0px; padding: 0px; outline: none; background-color: rgb(241, 241, 241);"><th class="label" style="margin: 0px; padding: 5px 10px; outline: none; color: rgb(54, 54, 54); border-color: rgb(255, 255, 255); background-color: rgb(247, 247, 247);">Lens Type</th><td class="data last" style="margin: 0px; padding: 10px; outline: none;">Fixed Focal Length</td></tr><tr class="odd" style="margin: 0px; padding: 0px; outline: none;"><th class="label" style="margin: 0px; padding: 5px 10px; outline: none; color: rgb(54, 54, 54); border-color: rgb(255, 255, 255); background-color: rgb(247, 247, 247);">Mount Type</th><td class="data last" style="margin: 0px; padding: 10px; outline: none;">DX</td></tr><tr class="even" style="margin: 0px; padding: 0px; outline: none; background-color: rgb(241, 241, 241);"><th class="label" style="margin: 0px; padding: 5px 10px; outline: none; color: rgb(54, 54, 54); border-color: rgb(255, 255, 255); background-color: rgb(247, 247, 247);">Aperture</th><td class="data last" style="margin: 0px; padding: 10px; outline: none;">f/2.8</td></tr><tr class="odd" style="margin: 0px; padding: 0px; outline: none;"><th class="label" style="margin: 0px; padding: 5px 10px; outline: none; color: rgb(54, 54, 54); border-color: rgb(255, 255, 255); background-color: rgb(247, 247, 247);">Focus Type</th><td class="data last" style="margin: 0px; padding: 10px; outline: none;">Autofocus</td></tr><tr class="even" style="margin: 0px; padding: 0px; outline: none; background-color: rgb(241, 241, 241);"><th class="label" style="margin: 0px; padding: 5px 10px; outline: none; color: rgb(54, 54, 54); border-color: rgb(255, 255, 255); background-color: rgb(247, 247, 247);">Circular Filter Size</th><td class="data last" style="margin: 0px; padding: 10px; outline: none;">n/a</td></tr><tr class="last odd" style="margin: 0px; padding: 0px; outline: none;"><th class="label" style="margin: 0px; padding: 5px 10px; outline: none; color: rgb(54, 54, 54); border-color: rgb(255, 255, 255); background-color: rgb(247, 247, 247);">Stabilization</th><td class="data last" style="margin: 0px; padding: 10px; outline: none;">n/a</td></tr></tbody></table>', '201', 2, '2 weeks', '2014-04-11', 99999, 11, true, '/static/catalog/images/products/nikon_2_10.5_main.jpg', true, 1);
INSERT INTO manager_catalogitem VALUES (100013, 'LED Kit Flolite 1X1', 'Chimera', 325.00, 100.00, 0.05, '<h2 style="margin-top: 0px; padding: 0px; outline: none; font-size: 2rem; color: rgb(37, 37, 37); font-family: proxima-nova, ''Helvetica Neue'', helvetica, arial, sans-serif; line-height: 2.2rem;">Details</h2><div class="std" style="margin: 0px; padding: 0px; outline: none; color: rgb(85, 85, 85); font-family: proxima-nova, ''Helvetica Neue'', helvetica, arial, sans-serif; line-height: 29.42943000793457px;"><p class="p1" style="margin-bottom: 20px; padding: 0px; outline: none;">The&nbsp;<strong style="margin: 0px; padding: 0px; outline: none; color: rgb(37, 37, 37);">Chimera LED Kit FloLight 1X1</strong>&nbsp;is lightweight, collapsible, easy to use, and long lasting. The Chimera Front Lens Screen blends the LEDs into one pleasing light source with a minimum loss of light output. Your unique Lightbank will enhance the quality and versality of your LED light. It is the perfect way to get the most out of your LED technology and still create soft, beautiful, diffused talent-friendly light.</p><p class="p1" style="margin-bottom: 20px; padding: 0px; outline: none;">The Chimera LED Kit FloLight 1X1 includes:</p><ul class="ul1" style="margin-bottom: 0px; margin-left: 0px; outline: none; list-style: none;"><li class="li4" style="margin: 0px 0px 7px; padding: 0px; outline: none; list-style: disc inside;">Lightbank with poles attached</li><li class="li4" style="margin: 0px 0px 7px; padding: 0px; outline: none; list-style: disc inside;">standard #LS30 Front Lens Screen</li><li class="li4" style="margin: 0px 0px 7px; padding: 0px; outline: none; list-style: disc inside;">Security Tab Velcro button</li><li class="li4" style="margin: 0px 0px 7px; padding: 0px; outline: none; list-style: disc inside;">Speed Ring Frame</li></ul></div>', '<h2 style="margin-top: 0px; padding: 0px; outline: none; font-size: 2rem; color: rgb(37, 37, 37); font-family: proxima-nova, ''Helvetica Neue'', helvetica, arial, sans-serif; line-height: 2.2rem;">Additional Information</h2><table class="data-table" id="product-attribute-specs-table" style="margin: 0px 0px 10px; padding: 0px; outline: none; border-collapse: separate; border-bottom-width: 0px; width: 614.1141357421875px; color: rgb(85, 85, 85); font-family: proxima-nova, ''Helvetica Neue'', helvetica, arial, sans-serif; line-height: 29.42943000793457px; background-color: rgb(255, 255, 255);"><colgroup style="margin: 0px; padding: 0px; outline: none;"><col width="25%" style="margin: 0px; padding: 0px; outline: none;"><col style="margin: 0px; padding: 0px; outline: none;"></colgroup><tbody style="margin: 0px; padding: 0px; outline: none;"><tr class="first odd" style="margin: 0px; padding: 0px; outline: none;"><th class="label" style="margin: 0px; padding: 5px 10px; outline: none; color: rgb(54, 54, 54); border-color: rgb(255, 255, 255); background-color: rgb(247, 247, 247);">Manufacturer</th><td class="data last" style="margin: 0px; padding: 10px; outline: none;">Chimera</td></tr><tr class="even" style="margin: 0px; padding: 0px; outline: none; background-color: rgb(241, 241, 241);"><th class="label" style="margin: 0px; padding: 5px 10px; outline: none; color: rgb(54, 54, 54); border-color: rgb(255, 255, 255); background-color: rgb(247, 247, 247);">Manufacturer SKU</th><td class="data last" style="margin: 0px; padding: 10px; outline: none;">1670</td></tr><tr class="last odd" style="margin: 0px; padding: 0px; outline: none;"><th class="label" style="margin: 0px; padding: 5px 10px; outline: none; color: rgb(54, 54, 54); border-color: rgb(255, 255, 255); background-color: rgb(247, 247, 247);">UPC</th><td class="data last" style="margin: 0px; padding: 10px; outline: none;">845077016703</td></tr></tbody></table>', '202', 2, '3 Days', '2014-04-11', 99999, 16, true, '/static/catalog/images/products/cm1670_1.jpg', true, 0);
INSERT INTO manager_catalogitem VALUES (100014, '45" Convertible Umbrella', 'Photoflex', 37.95, 20.00, 0.05, '<h2 style="margin-top: 0px; padding: 0px; outline: none; font-size: 2rem; color: rgb(37, 37, 37); font-family: proxima-nova, ''Helvetica Neue'', helvetica, arial, sans-serif; line-height: 2.2rem;">Details</h2><div class="std" style="margin: 0px; padding: 0px; outline: none; color: rgb(85, 85, 85); font-family: proxima-nova, ''Helvetica Neue'', helvetica, arial, sans-serif; line-height: 29.42943000793457px;"><p class="p1" style="margin-bottom: 20px; padding: 0px; outline: none;">The Photoflex 45" convertible umbrella is a versatile photographic umbrellas. The umbrella''s ribs and strut pivots are made from a fiberglass composite, which offers better resiliency and durability than steel or aluminum.</p><p class="p1" style="margin-bottom: 20px; padding: 0px; outline: none;">This design allows for almost carefree handling, all but eliminating damage caused from over bending delicate steel tube ribs. The umbrella center pole is extruded and closed off at the base (vs. folded, hollow tubes, like many other umbrellas, that are easily bent and dented) adding to the durability of the Photoflex umbrella model.</p><p class="p1" style="margin-bottom: 20px; padding: 0px; outline: none;">The Photoflex 45" White Convertible Umbrella converts from a bounce umbrella to a "shoot through" umbrella, which produces soft light. &nbsp;Get the best of both shooting styles in one umbrella. &nbsp;It can be used for strobe or hot lights.&nbsp;</p></div>', '<h2 style="margin-top: 0px; padding: 0px; outline: none; font-size: 2rem; color: rgb(37, 37, 37); font-family: proxima-nova, ''Helvetica Neue'', helvetica, arial, sans-serif; line-height: 2.2rem;">Additional Information</h2><table class="data-table" id="product-attribute-specs-table" style="margin: 0px 0px 10px; padding: 0px; outline: none; border-collapse: separate; border-bottom-width: 0px; width: 614.1141357421875px; color: rgb(85, 85, 85); font-family: proxima-nova, ''Helvetica Neue'', helvetica, arial, sans-serif; line-height: 29.42943000793457px; background-color: rgb(255, 255, 255);"><colgroup style="margin: 0px; padding: 0px; outline: none;"><col width="25%" style="margin: 0px; padding: 0px; outline: none;"><col style="margin: 0px; padding: 0px; outline: none;"></colgroup><tbody style="margin: 0px; padding: 0px; outline: none;"><tr class="first odd" style="margin: 0px; padding: 0px; outline: none;"><th class="label" style="margin: 0px; padding: 5px 10px; outline: none; color: rgb(54, 54, 54); border-color: rgb(255, 255, 255); background-color: rgb(247, 247, 247);">Manufacturer</th><td class="data last" style="margin: 0px; padding: 10px; outline: none;">Photoflex</td></tr><tr class="even" style="margin: 0px; padding: 0px; outline: none; background-color: rgb(241, 241, 241);"><th class="label" style="margin: 0px; padding: 5px 10px; outline: none; color: rgb(54, 54, 54); border-color: rgb(255, 255, 255); background-color: rgb(247, 247, 247);">Manufacturer SKU</th><td class="data last" style="margin: 0px; padding: 10px; outline: none;">UM-RUT45</td></tr><tr class="last odd" style="margin: 0px; padding: 0px; outline: none;"><th class="label" style="margin: 0px; padding: 5px 10px; outline: none; color: rgb(54, 54, 54); border-color: rgb(255, 255, 255); background-color: rgb(247, 247, 247);">UPC</th><td class="data last" style="margin: 0px; padding: 10px; outline: none;">799245006044</td></tr></tbody></table>', '4', 5, '3 Days', '2014-04-11', 99999, 17, true, '/static/catalog/images/products/photoflex_4_umbrella_45.jpg', true, 0);
INSERT INTO manager_catalogitem VALUES (100015, '367B Basic Light Stand 9ft', 'Manfrotto', 80.49, 20.00, 0.05, '<h2 style="margin-top: 0px; padding: 0px; outline: none; font-size: 2rem; color: rgb(37, 37, 37); font-family: proxima-nova, ''Helvetica Neue'', helvetica, arial, sans-serif; line-height: 2.2rem;">Details</h2><div class="std" style="margin: 0px; padding: 0px; outline: none; color: rgb(85, 85, 85); font-family: proxima-nova, ''Helvetica Neue'', helvetica, arial, sans-serif; line-height: 29.42943000793457px;"><p style="margin-bottom: 20px; padding: 0px; outline: none;">The&nbsp;<strong style="margin: 0px; padding: 0px; outline: none; color: rgb(37, 37, 37);">Manfrotto 367B Basic Light Stand 9ft</strong>&nbsp;is a basic light stand that extends to a height of 9 feet. It is designed to accomidate small light fixtures, reflective panels, or small boom arms.</p></div>', '<h2 style="margin-top: 0px; padding: 0px; outline: none; font-size: 2rem; color: rgb(37, 37, 37); font-family: proxima-nova, ''Helvetica Neue'', helvetica, arial, sans-serif; line-height: 2.2rem;">Additional Information</h2><table class="data-table" id="product-attribute-specs-table" style="margin: 0px 0px 10px; padding: 0px; outline: none; border-collapse: separate; border-bottom-width: 0px; width: 614.1141357421875px; color: rgb(85, 85, 85); font-family: proxima-nova, ''Helvetica Neue'', helvetica, arial, sans-serif; line-height: 29.42943000793457px; background-color: rgb(255, 255, 255);"><colgroup style="margin: 0px; padding: 0px; outline: none;"><col width="25%" style="margin: 0px; padding: 0px; outline: none;"><col style="margin: 0px; padding: 0px; outline: none;"></colgroup><tbody style="margin: 0px; padding: 0px; outline: none;"><tr class="first odd" style="margin: 0px; padding: 0px; outline: none;"><th class="label" style="margin: 0px; padding: 5px 10px; outline: none; color: rgb(54, 54, 54); border-color: rgb(255, 255, 255); background-color: rgb(247, 247, 247);">Manufacturer</th><td class="data last" style="margin: 0px; padding: 10px; outline: none;">Manfrotto</td></tr><tr class="even" style="margin: 0px; padding: 0px; outline: none; background-color: rgb(241, 241, 241);"><th class="label" style="margin: 0px; padding: 5px 10px; outline: none; color: rgb(54, 54, 54); border-color: rgb(255, 255, 255); background-color: rgb(247, 247, 247);">Manufacturer SKU</th><td class="data last" style="margin: 0px; padding: 10px; outline: none;">367B</td></tr><tr class="last odd" style="margin: 0px; padding: 0px; outline: none;"><th class="label" style="margin: 0px; padding: 5px 10px; outline: none; color: rgb(54, 54, 54); border-color: rgb(255, 255, 255); background-color: rgb(247, 247, 247);">UPC</th><td class="data last" style="margin: 0px; padding: 10px; outline: none;">719821289098</td></tr></tbody></table>', '6', 34, '3 Days', '2014-04-11', 99999, 23, true, '/static/catalog/images/products/manfrotto_5_367b_main.jpg', true, 0);
INSERT INTO manager_catalogitem VALUES (100016, 'The Puffer Pop-Up Flash Diffuser', 'Gary Fong', 22.95, 10.00, 0.05, '<h2 style="margin-top: 0px; padding: 0px; outline: none; font-size: 2rem; color: rgb(37, 37, 37); font-family: proxima-nova, ''Helvetica Neue'', helvetica, arial, sans-serif; line-height: 2.2rem;">Details</h2><div class="std" style="margin: 0px; padding: 0px; outline: none; color: rgb(85, 85, 85); font-family: proxima-nova, ''Helvetica Neue'', helvetica, arial, sans-serif; line-height: 29.42943000793457px;"><p style="margin-bottom: 20px; padding: 0px; outline: none;">The&nbsp;<strong style="margin: 0px; padding: 0px; outline: none; color: rgb(37, 37, 37);">Gary Fong The Puffer Pop-Up Flash Diffuser</strong>&nbsp;is a compact flash diffuser that you mount directly in front of your camera''s hotshoe. The convex white diffuser softens the harsh light from your pop-up flash, creating an even glow that''s perfect for portraits or product shots. You can adjust the height of the Puffer, and it fits almost any camera with a pop-up flash and a hot shoe.</p><p style="margin-bottom: 20px; padding: 0px; outline: none;">NOTE: The Puffer is not compatible with the Canon EOS Rebel T4</p></div>', '<h2 style="margin-top: 0px; padding: 0px; outline: none; font-size: 2rem; color: rgb(37, 37, 37); font-family: proxima-nova, ''Helvetica Neue'', helvetica, arial, sans-serif; line-height: 2.2rem;">Additional Information</h2><table class="data-table" id="product-attribute-specs-table" style="margin: 0px 0px 10px; padding: 0px; outline: none; border-collapse: separate; border-bottom-width: 0px; width: 614.1141357421875px; color: rgb(85, 85, 85); font-family: proxima-nova, ''Helvetica Neue'', helvetica, arial, sans-serif; line-height: 29.42943000793457px; background-color: rgb(255, 255, 255);"><colgroup style="margin: 0px; padding: 0px; outline: none;"><col width="25%" style="margin: 0px; padding: 0px; outline: none;"><col style="margin: 0px; padding: 0px; outline: none;"></colgroup><tbody style="margin: 0px; padding: 0px; outline: none;"><tr class="first odd" style="margin: 0px; padding: 0px; outline: none;"><th class="label" style="margin: 0px; padding: 5px 10px; outline: none; color: rgb(54, 54, 54); border-color: rgb(255, 255, 255); background-color: rgb(247, 247, 247);">Manufacturer</th><td class="data last" style="margin: 0px; padding: 10px; outline: none;">Gary Fong</td></tr><tr class="even" style="margin: 0px; padding: 0px; outline: none; background-color: rgb(241, 241, 241);"><th class="label" style="margin: 0px; padding: 5px 10px; outline: none; color: rgb(54, 54, 54); border-color: rgb(255, 255, 255); background-color: rgb(247, 247, 247);">Manufacturer SKU</th><td class="data last" style="margin: 0px; padding: 10px; outline: none;">0PUF-01</td></tr><tr class="last odd" style="margin: 0px; padding: 0px; outline: none;"><th class="label" style="margin: 0px; padding: 5px 10px; outline: none; color: rgb(54, 54, 54); border-color: rgb(255, 255, 255); background-color: rgb(247, 247, 247);">UPC</th><td class="data last" style="margin: 0px; padding: 10px; outline: none;">891257001403</td></tr></tbody></table>', '210', 2, '4 weeks', '2014-04-11', 99999, 18, true, '/static/catalog/images/products/garyfong_4_puffer_1.jpg', true, 0);
INSERT INTO manager_catalogitem VALUES (100017, 'ETB 120V 250W ', 'Ushio', 12.95, 5.00, 0.05, '<h2 style="margin-top: 0px; padding: 0px; outline: none; font-size: 2rem; color: rgb(37, 37, 37); font-family: proxima-nova, ''Helvetica Neue'', helvetica, arial, sans-serif; line-height: 2.2rem;">Details</h2><div class="std" style="margin: 0px; padding: 0px; outline: none; color: rgb(85, 85, 85); font-family: proxima-nova, ''Helvetica Neue'', helvetica, arial, sans-serif; line-height: 29.42943000793457px;"><p style="margin-bottom: 20px; padding: 0px; outline: none;">The&nbsp;<strong style="margin: 0px; padding: 0px; outline: none; color: rgb(37, 37, 37);">Ushio ETB 120V 250W bulb</strong>&nbsp;is a&nbsp;halogen light bulb. It is tubular in shape with a glass diameter of .5 inches, a dual contact bayonet base, and an overall length of 3 inches. It has a Kelvin temperature of 3000 at 4800 lumens and is rated at 2000 life hours. (Ushio 1000372, Sylvania 58753)</p></div>', '<h2 style="margin-top: 0px; padding: 0px; outline: none; font-size: 2rem; color: rgb(37, 37, 37); font-family: proxima-nova, ''Helvetica Neue'', helvetica, arial, sans-serif; line-height: 2.2rem;">Additional Information</h2><table class="data-table" id="product-attribute-specs-table" style="margin: 0px 0px 10px; padding: 0px; outline: none; border-collapse: separate; border-bottom-width: 0px; width: 614.1141357421875px; color: rgb(85, 85, 85); font-family: proxima-nova, ''Helvetica Neue'', helvetica, arial, sans-serif; line-height: 29.42943000793457px; background-color: rgb(255, 255, 255);"><colgroup style="margin: 0px; padding: 0px; outline: none;"><col width="25%" style="margin: 0px; padding: 0px; outline: none;"><col style="margin: 0px; padding: 0px; outline: none;"></colgroup><tbody style="margin: 0px; padding: 0px; outline: none;"><tr class="first odd" style="margin: 0px; padding: 0px; outline: none;"><th class="label" style="margin: 0px; padding: 5px 10px; outline: none; color: rgb(54, 54, 54); border-color: rgb(255, 255, 255); background-color: rgb(247, 247, 247);">Manufacturer</th><td class="data last" style="margin: 0px; padding: 10px; outline: none;">Ushio</td></tr><tr class="even" style="margin: 0px; padding: 0px; outline: none; background-color: rgb(241, 241, 241);"><th class="label" style="margin: 0px; padding: 5px 10px; outline: none; color: rgb(54, 54, 54); border-color: rgb(255, 255, 255); background-color: rgb(247, 247, 247);">Manufacturer SKU</th><td class="data last" style="margin: 0px; padding: 10px; outline: none;">ETB</td></tr><tr class="last odd" style="margin: 0px; padding: 0px; outline: none;"><th class="label" style="margin: 0px; padding: 5px 10px; outline: none; color: rgb(54, 54, 54); border-color: rgb(255, 255, 255); background-color: rgb(247, 247, 247);">UPC</th><td class="data last" style="margin: 0px; padding: 10px; outline: none;">048777124369</td></tr></tbody></table>', '301', 2, '3 Days', '2014-04-11', 99999, 19, true, '/static/catalog/images/products/ushio_4_etb.jpg', true, 0);
INSERT INTO manager_catalogitem VALUES (100018, 'Hybrid Flexible Mini Tripod with Ball Head', 'Joby GorillaPod', 39.95, 20.00, 0.05, '<h2 style="margin-top: 0px; padding: 0px; outline: none; font-size: 2rem; color: rgb(37, 37, 37); font-family: proxima-nova, ''Helvetica Neue'', helvetica, arial, sans-serif; line-height: 2.2rem;">Details</h2><div class="std" style="margin: 0px; padding: 0px; outline: none; color: rgb(85, 85, 85); font-family: proxima-nova, ''Helvetica Neue'', helvetica, arial, sans-serif; line-height: 29.42943000793457px;"><p style="margin-bottom: 20px; padding: 0px; outline: none;">The&nbsp;<strong style="margin: 0px; padding: 0px; outline: none; color: rgb(37, 37, 37);">Joby GorillaPod Hybrid</strong>&nbsp;is a flexible mini tripod with a ball head that is specifically designed for small mirrorless cameras with interchangeable lenses. Just like other GorillaPods, the GorillaPod Hybrid tripod features bendable legs that you can wrap around anything to get the perfect angle for your shot. You can mount your GorillaPod on fences, trees, rocks—wherever you need it to go to keep your hybrid camera nice and stable.</p><p style="margin-bottom: 20px; padding: 0px; outline: none;">The GorillaPod Hybrid features an aluminum ball head with separate controls for pan and tilt. With its legs fully extended, the GorillaPod Hybrid measures 10.1" and is the perfect size for tabletop shots or low-angle photography. It also only weighs 6.4oz, so it''s easy to take with you wherever you go.</p><p style="margin-bottom: 20px; padding: 0px; outline: none;"><strong style="margin: 0px; padding: 0px; outline: none; color: rgb(37, 37, 37);">Joby GorillaPod Hybrid Key Features:</strong></p><ul style="margin-bottom: 0px; margin-left: 0px; outline: none; list-style: none;"><li style="margin: 0px 0px 7px; padding: 0px; outline: none; list-style: disc inside;">Quick-Release Clip and Integrated Bubble Level</li><li style="margin: 0px 0px 7px; padding: 0px; outline: none; list-style: disc inside;">Integrated Aluminum Ball Head</li><li style="margin: 0px 0px 7px; padding: 0px; outline: none; list-style: disc inside;">±90° tilt and 360° pan</li><li style="margin: 0px 0px 7px; padding: 0px; outline: none; list-style: disc inside;">Over Two Dozen Leg Joints</li><li style="margin: 0px 0px 7px; padding: 0px; outline: none; list-style: disc inside;">Rubberized Ring and Foot Grips</li></ul></div>', '<h2 style="margin-top: 0px; padding: 0px; outline: none; font-size: 2rem; color: rgb(37, 37, 37); font-family: proxima-nova, ''Helvetica Neue'', helvetica, arial, sans-serif; line-height: 2.2rem;">Additional Information</h2><table class="data-table" id="product-attribute-specs-table" style="margin: 0px 0px 10px; padding: 0px; outline: none; border-collapse: separate; border-bottom-width: 0px; width: 614.1141357421875px; color: rgb(85, 85, 85); font-family: proxima-nova, ''Helvetica Neue'', helvetica, arial, sans-serif; line-height: 29.42943000793457px; background-color: rgb(255, 255, 255);"><colgroup style="margin: 0px; padding: 0px; outline: none;"><col width="25%" style="margin: 0px; padding: 0px; outline: none;"><col style="margin: 0px; padding: 0px; outline: none;"></colgroup><tbody style="margin: 0px; padding: 0px; outline: none;"><tr class="first odd" style="margin: 0px; padding: 0px; outline: none;"><th class="label" style="margin: 0px; padding: 5px 10px; outline: none; color: rgb(54, 54, 54); border-color: rgb(255, 255, 255); background-color: rgb(247, 247, 247);">Manufacturer</th><td class="data last" style="margin: 0px; padding: 10px; outline: none;">Joby</td></tr><tr class="even" style="margin: 0px; padding: 0px; outline: none; background-color: rgb(241, 241, 241);"><th class="label" style="margin: 0px; padding: 5px 10px; outline: none; color: rgb(54, 54, 54); border-color: rgb(255, 255, 255); background-color: rgb(247, 247, 247);">Manufacturer SKU</th><td class="data last" style="margin: 0px; padding: 10px; outline: none;">JB01073-CAM</td></tr><tr class="odd" style="margin: 0px; padding: 0px; outline: none;"><th class="label" style="margin: 0px; padding: 5px 10px; outline: none; color: rgb(54, 54, 54); border-color: rgb(255, 255, 255); background-color: rgb(247, 247, 247);">UPC</th><td class="data last" style="margin: 0px; padding: 10px; outline: none;">817024010690</td></tr><tr class="even" style="margin: 0px; padding: 0px; outline: none; background-color: rgb(241, 241, 241);"><th class="label" style="margin: 0px; padding: 5px 10px; outline: none; color: rgb(54, 54, 54); border-color: rgb(255, 255, 255); background-color: rgb(247, 247, 247);">Material</th><td class="data last" style="margin: 0px; padding: 10px; outline: none;">Plastic</td></tr><tr class="odd" style="margin: 0px; padding: 0px; outline: none;"><th class="label" style="margin: 0px; padding: 5px 10px; outline: none; color: rgb(54, 54, 54); border-color: rgb(255, 255, 255); background-color: rgb(247, 247, 247);">Mount type</th><td class="data last" style="margin: 0px; padding: 10px; outline: none;">1/4 Screw Mount</td></tr><tr class="even" style="margin: 0px; padding: 0px; outline: none; background-color: rgb(241, 241, 241);"><th class="label" style="margin: 0px; padding: 5px 10px; outline: none; color: rgb(54, 54, 54); border-color: rgb(255, 255, 255); background-color: rgb(247, 247, 247);">Max Load Weight</th><td class="data last" style="margin: 0px; padding: 10px; outline: none;">2.2 lb</td></tr><tr class="odd" style="margin: 0px; padding: 0px; outline: none;"><th class="label" style="margin: 0px; padding: 5px 10px; outline: none; color: rgb(54, 54, 54); border-color: rgb(255, 255, 255); background-color: rgb(247, 247, 247);">Collapsed Height</th><td class="data last" style="margin: 0px; padding: 10px; outline: none;">10"-14.9"</td></tr><tr class="even" style="margin: 0px; padding: 0px; outline: none; background-color: rgb(241, 241, 241);"><th class="label" style="margin: 0px; padding: 5px 10px; outline: none; color: rgb(54, 54, 54); border-color: rgb(255, 255, 255); background-color: rgb(247, 247, 247);">Maximum Height</th><td class="data last" style="margin: 0px; padding: 10px; outline: none;">Less than 15"</td></tr><tr class="last odd" style="margin: 0px; padding: 0px; outline: none;"><th class="label" style="margin: 0px; padding: 5px 10px; outline: none; color: rgb(54, 54, 54); border-color: rgb(255, 255, 255); background-color: rgb(247, 247, 247);">Weight</th><td class="data last" style="margin: 0px; padding: 10px; outline: none;">6.4 oz</td></tr></tbody></table>', '302', 1, '3 Days', '2014-04-11', 99999, 20, true, '/static/catalog/images/products/joby_5_gorillapodhybrid_camera.jpg', true, 0);
INSERT INTO manager_catalogitem VALUES (100019, 'Pocket Hand Tripod 30" Extended', 'XShot', 24.95, 10.00, 0.05, '<h2 style="margin-top: 0px; padding: 0px; outline: none; font-size: 2rem; color: rgb(37, 37, 37); font-family: proxima-nova, ''Helvetica Neue'', helvetica, arial, sans-serif; line-height: 2.2rem;">Details</h2><div class="std" style="margin: 0px; padding: 0px; outline: none; color: rgb(85, 85, 85); font-family: proxima-nova, ''Helvetica Neue'', helvetica, arial, sans-serif; line-height: 29.42943000793457px;"><p style="margin-bottom: 20px; padding: 0px; outline: none;">The&nbsp;<strong style="margin: 0px; padding: 0px; outline: none; color: rgb(37, 37, 37);">Pocket XShot</strong>&nbsp;is a compact telescopic camera extender designed to get the photographer in the picture! It attaches to any compact digital camera or camcorder. The XShot Pocket Hand Tripod extends to 30.5 inches and closes to 6.5 inches. The XShot Pocket supports point-and-shoot cameras up to 1.2lbs</p><p style="margin-bottom: 20px; padding: 0px; outline: none;">The XShot Pocket is ideal for travelers, families, social media, sporting events, and vloggers for making videos. With the Pocket XShot, no one gets left out of the picture. Whether you use it for groups, video, or traveling solo, this camera extender allows you to be in the picture and capture the full background.</p></div>', '<h2 style="margin-top: 0px; padding: 0px; outline: none; font-size: 2rem; color: rgb(37, 37, 37); font-family: proxima-nova, ''Helvetica Neue'', helvetica, arial, sans-serif; line-height: 2.2rem;">Additional Information</h2><table class="data-table" id="product-attribute-specs-table" style="margin: 0px 0px 10px; padding: 0px; outline: none; border-collapse: separate; border-bottom-width: 0px; width: 614.1141357421875px; color: rgb(85, 85, 85); font-family: proxima-nova, ''Helvetica Neue'', helvetica, arial, sans-serif; line-height: 29.42943000793457px; background-color: rgb(255, 255, 255);"><colgroup style="margin: 0px; padding: 0px; outline: none;"><col width="25%" style="margin: 0px; padding: 0px; outline: none;"><col style="margin: 0px; padding: 0px; outline: none;"></colgroup><tbody style="margin: 0px; padding: 0px; outline: none;"><tr class="first odd" style="margin: 0px; padding: 0px; outline: none;"><th class="label" style="margin: 0px; padding: 5px 10px; outline: none; color: rgb(54, 54, 54); border-color: rgb(255, 255, 255); background-color: rgb(247, 247, 247);">Manufacturer</th><td class="data last" style="margin: 0px; padding: 10px; outline: none;">XShot</td></tr><tr class="even" style="margin: 0px; padding: 0px; outline: none; background-color: rgb(241, 241, 241);"><th class="label" style="margin: 0px; padding: 5px 10px; outline: none; color: rgb(54, 54, 54); border-color: rgb(255, 255, 255); background-color: rgb(247, 247, 247);">Manufacturer SKU</th><td class="data last" style="margin: 0px; padding: 10px; outline: none;">XSP2</td></tr><tr class="last odd" style="margin: 0px; padding: 0px; outline: none;"><th class="label" style="margin: 0px; padding: 5px 10px; outline: none; color: rgb(54, 54, 54); border-color: rgb(255, 255, 255); background-color: rgb(247, 247, 247);">UPC</th><td class="data last" style="margin: 0px; padding: 10px; outline: none;">094922913197</td></tr></tbody></table>', '4', 8, '3 Days', '2014-04-11', 99999, 21, true, '/static/catalog/images/products/xshot_1_pocket_1.jpg', true, 0);
INSERT INTO manager_catalogitem VALUES (100020, 'WalkAbout Monopod (Green)', 'MeFOTO', 59.00, 20.00, 0.05, '<h2 style="margin-top: 0px; padding: 0px; outline: none; font-size: 2rem; color: rgb(37, 37, 37); font-family: proxima-nova, ''Helvetica Neue'', helvetica, arial, sans-serif; line-height: 2.2rem;">Details</h2><div class="std" style="margin: 0px; padding: 0px; outline: none; color: rgb(85, 85, 85); font-family: proxima-nova, ''Helvetica Neue'', helvetica, arial, sans-serif; line-height: 29.42943000793457px;"><p class="p1" style="margin-bottom: 20px; padding: 0px; outline: none;">The new&nbsp;<strong style="margin: 0px; padding: 0px; outline: none; color: rgb(37, 37, 37);">MeFOTO WalkAbout Monopod (Green)</strong>&nbsp;is a 5-section monopod and walking stick. With the MeFOTO WalkAbout you''ll discover a whole new level of ease when shooting. The WalkAbout provides lightweight stability without the hassle of setting up a tripod, not to mention that the MeFOTO WalkAbout Monopod converts to a walking stick! The MeFOTO WalkAbout Monopod features rubberized twist locks that are weather and dust-resistant. Each unit comes with a hand strap and colorful compass knob. The WalkAbout has an 30.9 lb payload capacity and features a ¼-20" mount making this ideal for point and shoot, mirrorless and compact DSLR cameras.</p><p style="margin-bottom: 20px; padding: 0px; outline: none;"><strong style="margin: 0px; padding: 0px; outline: none; color: rgb(37, 37, 37);">Lightweight</strong><br style="margin: 0px; padding: 0px; outline: none;">Weighing less than one and a half pounds means you don''t have to worry about where you''re going or what you''re doing when you bring the WalkAbout along.</p><p style="margin-bottom: 20px; padding: 0px; outline: none;"><strong style="margin: 0px; padding: 0px; outline: none; color: rgb(37, 37, 37);">Supports Up to 30.9 lbs</strong><br style="margin: 0px; padding: 0px; outline: none;">Weighing less than 2 lb yet strong enough to support a full DSLR and larger lens.</p><p style="margin-bottom: 20px; padding: 0px; outline: none;"><strong style="margin: 0px; padding: 0px; outline: none; color: rgb(37, 37, 37);">Can be Used as a Boom</strong><br style="margin: 0px; padding: 0px; outline: none;">Place a mic on top of the WalkAbout to help record audio.</p><p style="margin-bottom: 20px; padding: 0px; outline: none;"><strong style="margin: 0px; padding: 0px; outline: none; color: rgb(37, 37, 37);">Doubles as a Light Stick</strong><br style="margin: 0px; padding: 0px; outline: none;">Get your flash off-camera and in all the right places.</p><p style="margin-bottom: 20px; padding: 0px; outline: none;"><strong style="margin: 0px; padding: 0px; outline: none; color: rgb(37, 37, 37);">Extendable</strong><br style="margin: 0px; padding: 0px; outline: none;">Despite it''s small size when compacted, the WalkAbout extends over 5 feet.</p><p style="margin-bottom: 20px; padding: 0px; outline: none;"><strong style="margin: 0px; padding: 0px; outline: none; color: rgb(37, 37, 37);">Converts to a Walking Stick</strong><br style="margin: 0px; padding: 0px; outline: none;">When not attached to your&nbsp;camera, screw the compass knob&nbsp;into the top plate and turn your&nbsp;monopod into a walking stick!</p><p style="margin-bottom: 20px; padding: 0px; outline: none;"><strong style="margin: 0px; padding: 0px; outline: none; color: rgb(37, 37, 37);">Five Leg Sections</strong><br style="margin: 0px; padding: 0px; outline: none;">Get the height you need and ultimate versatility.</p><p style="margin-bottom: 20px; padding: 0px; outline: none;"><strong style="margin: 0px; padding: 0px; outline: none; color: rgb(37, 37, 37);">Foam Grip</strong><br style="margin: 0px; padding: 0px; outline: none;">Carry your monopod with ease and comfort.</p><p style="margin-bottom: 20px; padding: 0px; outline: none;"><strong style="margin: 0px; padding: 0px; outline: none; color: rgb(37, 37, 37);">Hand Strap</strong><br style="margin: 0px; padding: 0px; outline: none;">Ever heard of the term "butter fingers?" Never worry about dropping your camera when the hand strap is secured around your wrist.</p><p style="margin-bottom: 20px; padding: 0px; outline: none;"><strong style="margin: 0px; padding: 0px; outline: none; color: rgb(37, 37, 37);">Tiny Footprint</strong><br style="margin: 0px; padding: 0px; outline: none;">The WalkAbout''s rubber foot is slightly larger than a quarter, meaning you can achieve stability in even the most cramped of quarters.</p><p style="margin-bottom: 20px; padding: 0px; outline: none;"><strong style="margin: 0px; padding: 0px; outline: none; color: rgb(37, 37, 37);">Top Plate</strong><br style="margin: 0px; padding: 0px; outline: none;">The 1/4"-20 thread is the universal size for most cameras.</p><p style="margin-bottom: 20px; padding: 0px; outline: none;"><strong style="margin: 0px; padding: 0px; outline: none; color: rgb(37, 37, 37);">Twist Lock Legs with Anti-Rotation System</strong><br style="margin: 0px; padding: 0px; outline: none;">MeFOTO''s innovative rubberized locking grips combined with anti-rotation legs enable fast and fumble-free set-up plus weather and dust-resistance.</p><p style="margin-bottom: 20px; padding: 0px; outline: none;"><strong style="margin: 0px; padding: 0px; outline: none; color: rgb(37, 37, 37);">Portable</strong><br style="margin: 0px; padding: 0px; outline: none;">When compacted, the WalkAbout measures 18.1" in length, making it small enough to carry just about anywhere.</p><p style="margin-bottom: 20px; padding: 0px; outline: none;"><strong style="margin: 0px; padding: 0px; outline: none; color: rgb(37, 37, 37);">5-Year Warranty</strong><br style="margin: 0px; padding: 0px; outline: none;">Three years when you buy + two years when you&nbsp;<a href="http://www.mefoto.com/warranty-registration/login.aspx" style="margin: 0px; padding: 0px; outline: none; position: relative; color: rgb(186, 47, 52);">register</a>.</p><p style="margin-bottom: 20px; padding: 0px; outline: none;">&nbsp;</p></div>', '<h2 style="margin-top: 0px; padding: 0px; outline: none; font-size: 2rem; color: rgb(37, 37, 37); font-family: proxima-nova, ''Helvetica Neue'', helvetica, arial, sans-serif; line-height: 2.2rem;">Additional Information</h2><table class="data-table" id="product-attribute-specs-table" style="margin: 0px 0px 10px; padding: 0px; outline: none; border-collapse: separate; border-bottom-width: 0px; width: 614.1141357421875px; color: rgb(85, 85, 85); font-family: proxima-nova, ''Helvetica Neue'', helvetica, arial, sans-serif; line-height: 29.42943000793457px; background-color: rgb(255, 255, 255);"><colgroup style="margin: 0px; padding: 0px; outline: none;"><col width="25%" style="margin: 0px; padding: 0px; outline: none;"><col style="margin: 0px; padding: 0px; outline: none;"></colgroup><tbody style="margin: 0px; padding: 0px; outline: none;"><tr class="first odd" style="margin: 0px; padding: 0px; outline: none;"><th class="label" style="margin: 0px; padding: 5px 10px; outline: none; color: rgb(54, 54, 54); border-color: rgb(255, 255, 255); background-color: rgb(247, 247, 247);">Manufacturer</th><td class="data last" style="margin: 0px; padding: 10px; outline: none;">MeFOTO</td></tr><tr class="even" style="margin: 0px; padding: 0px; outline: none; background-color: rgb(241, 241, 241);"><th class="label" style="margin: 0px; padding: 5px 10px; outline: none; color: rgb(54, 54, 54); border-color: rgb(255, 255, 255); background-color: rgb(247, 247, 247);">Manufacturer SKU</th><td class="data last" style="margin: 0px; padding: 10px; outline: none;">A35WG</td></tr><tr class="odd" style="margin: 0px; padding: 0px; outline: none;"><th class="label" style="margin: 0px; padding: 5px 10px; outline: none; color: rgb(54, 54, 54); border-color: rgb(255, 255, 255); background-color: rgb(247, 247, 247);">UPC</th><td class="data last" style="margin: 0px; padding: 10px; outline: none;">693174738172</td></tr><tr class="even" style="margin: 0px; padding: 0px; outline: none; background-color: rgb(241, 241, 241);"><th class="label" style="margin: 0px; padding: 5px 10px; outline: none; color: rgb(54, 54, 54); border-color: rgb(255, 255, 255); background-color: rgb(247, 247, 247);">Material</th><td class="data last" style="margin: 0px; padding: 10px; outline: none;">Aluminum</td></tr><tr class="odd" style="margin: 0px; padding: 0px; outline: none;"><th class="label" style="margin: 0px; padding: 5px 10px; outline: none; color: rgb(54, 54, 54); border-color: rgb(255, 255, 255); background-color: rgb(247, 247, 247);">Mount type</th><td class="data last" style="margin: 0px; padding: 10px; outline: none;">1/4 Screw Mount</td></tr><tr class="even" style="margin: 0px; padding: 0px; outline: none; background-color: rgb(241, 241, 241);"><th class="label" style="margin: 0px; padding: 5px 10px; outline: none; color: rgb(54, 54, 54); border-color: rgb(255, 255, 255); background-color: rgb(247, 247, 247);">Max Load Weight</th><td class="data last" style="margin: 0px; padding: 10px; outline: none;">30.9 lbs</td></tr><tr class="odd" style="margin: 0px; padding: 0px; outline: none;"><th class="label" style="margin: 0px; padding: 5px 10px; outline: none; color: rgb(54, 54, 54); border-color: rgb(255, 255, 255); background-color: rgb(247, 247, 247);">Collapsed Height</th><td class="data last" style="margin: 0px; padding: 10px; outline: none;">15"-19.9"</td></tr><tr class="even" style="margin: 0px; padding: 0px; outline: none; background-color: rgb(241, 241, 241);"><th class="label" style="margin: 0px; padding: 5px 10px; outline: none; color: rgb(54, 54, 54); border-color: rgb(255, 255, 255); background-color: rgb(247, 247, 247);">Maximum Height</th><td class="data last" style="margin: 0px; padding: 10px; outline: none;">60.1" - 70"</td></tr><tr class="last odd" style="margin: 0px; padding: 0px; outline: none;"><th class="label" style="margin: 0px; padding: 5px 10px; outline: none; color: rgb(54, 54, 54); border-color: rgb(255, 255, 255); background-color: rgb(247, 247, 247);">Weight</th><td class="data last" style="margin: 0px; padding: 10px; outline: none;">1.4 lbs</td></tr></tbody></table>', '6', 3, '3 Days', '2014-04-11', 99999, 22, true, '/static/catalog/images/products/default.png', true, 0);
INSERT INTO manager_catalogitem VALUES (100021, ' Magnum DV 6500 AW Video Shoulder Bag', 'Lowepro ', 359.99, 100.00, 0.05, '<h2 style="margin-top: 0px; padding: 0px; outline: none; font-size: 2rem; color: rgb(37, 37, 37); font-family: proxima-nova, ''Helvetica Neue'', helvetica, arial, sans-serif; line-height: 2.2rem;">Details</h2><div class="std" style="margin: 0px; padding: 0px; outline: none; color: rgb(85, 85, 85); font-family: proxima-nova, ''Helvetica Neue'', helvetica, arial, sans-serif; line-height: 29.42943000793457px;"><p style="margin-bottom: 20px; padding: 0px; outline: none;">Lowepro’s Magnum™ DV 6500 AW shoulder bag is designed for pro video and built on the foundation of its predecessor: the original pro bag designed in 1976 and an industry standard to this day. Think of it as the essential toolbox for the videographer who needs to work right out of the bag: it’s super-accessible, configured for video, portable and protective. The internal dividing system features a long main compartment with a flexible structure to fit a variety of uniquely shaped equipment—from a video camera and microphones, to lighting devices and accessories.</p><p style="margin-bottom: 20px; padding: 0px; outline: none;">Side cut-out padding on this model of the bag cradles and protects the eyepiece of a video camera and an extra-thick interior base offers additional protection from its sharp metal baseplate. On the exterior, a premium molded base offers sturdy and stable protection, water-resistance and the ability to stack multiple bags securely and efficiently. The bag features a dual-winged lid with double zippers, quick-release buckle and hook/loop closure, providing fast access to main compartment, plus extra security. Lowepro’s patented All Weather AW Cover™ protects gear from the elements and tucks away in a zippered pocket when not in use.&nbsp;<br style="margin: 0px; padding: 0px; outline: none;"></p></div>', '<h2 style="margin-top: 0px; padding: 0px; outline: none; font-size: 2rem; color: rgb(37, 37, 37); font-family: proxima-nova, ''Helvetica Neue'', helvetica, arial, sans-serif; line-height: 2.2rem;">Additional Information</h2><table class="data-table" id="product-attribute-specs-table" style="margin: 0px 0px 10px; padding: 0px; outline: none; border-collapse: separate; border-bottom-width: 0px; width: 614.1141357421875px; color: rgb(85, 85, 85); font-family: proxima-nova, ''Helvetica Neue'', helvetica, arial, sans-serif; line-height: 29.42943000793457px; background-color: rgb(255, 255, 255);"><colgroup style="margin: 0px; padding: 0px; outline: none;"><col width="25%" style="margin: 0px; padding: 0px; outline: none;"><col style="margin: 0px; padding: 0px; outline: none;"></colgroup><tbody style="margin: 0px; padding: 0px; outline: none;"><tr class="first odd" style="margin: 0px; padding: 0px; outline: none;"><th class="label" style="margin: 0px; padding: 5px 10px; outline: none; color: rgb(54, 54, 54); border-color: rgb(255, 255, 255); background-color: rgb(247, 247, 247);">Manufacturer</th><td class="data last" style="margin: 0px; padding: 10px; outline: none;">Lowepro</td></tr><tr class="even" style="margin: 0px; padding: 0px; outline: none; background-color: rgb(241, 241, 241);"><th class="label" style="margin: 0px; padding: 5px 10px; outline: none; color: rgb(54, 54, 54); border-color: rgb(255, 255, 255); background-color: rgb(247, 247, 247);">Manufacturer SKU</th><td class="data last" style="margin: 0px; padding: 10px; outline: none;">LP36121-PEU</td></tr><tr class="odd" style="margin: 0px; padding: 0px; outline: none;"><th class="label" style="margin: 0px; padding: 5px 10px; outline: none; color: rgb(54, 54, 54); border-color: rgb(255, 255, 255); background-color: rgb(247, 247, 247);">UPC</th><td class="data last" style="margin: 0px; padding: 10px; outline: none;">056035361210</td></tr><tr class="even" style="margin: 0px; padding: 0px; outline: none; background-color: rgb(241, 241, 241);"><th class="label" style="margin: 0px; padding: 5px 10px; outline: none; color: rgb(54, 54, 54); border-color: rgb(255, 255, 255); background-color: rgb(247, 247, 247);">Color</th><td class="data last" style="margin: 0px; padding: 10px; outline: none;">Black</td></tr><tr class="odd" style="margin: 0px; padding: 0px; outline: none;"><th class="label" style="margin: 0px; padding: 5px 10px; outline: none; color: rgb(54, 54, 54); border-color: rgb(255, 255, 255); background-color: rgb(247, 247, 247);">Size</th><td class="data last" style="margin: 0px; padding: 10px; outline: none;">No</td></tr><tr class="even" style="margin: 0px; padding: 0px; outline: none; background-color: rgb(241, 241, 241);"><th class="label" style="margin: 0px; padding: 5px 10px; outline: none; color: rgb(54, 54, 54); border-color: rgb(255, 255, 255); background-color: rgb(247, 247, 247);">Interior Dimensions</th><td class="data last" style="margin: 0px; padding: 10px; outline: none;">20.1" X 9.8" X 10.6"</td></tr><tr class="last odd" style="margin: 0px; padding: 0px; outline: none;"><th class="label" style="margin: 0px; padding: 5px 10px; outline: none; color: rgb(54, 54, 54); border-color: rgb(255, 255, 255); background-color: rgb(247, 247, 247);">Exterior Dimensions</th><td class="data last" style="margin: 0px; padding: 10px; outline: none;">22.8" X 15" X 12"</td></tr></tbody></table>', '4', 2, '3 Days', '2014-04-11', 99999, 25, true, '/static/catalog/images/products/lowepro_3_magdv6500_front.jpg', true, 0);
INSERT INTO manager_catalogitem VALUES (100022, 'Eos T5', 'Canon', 549.00, 349.00, 0.12, '<p><span class="bold_text" style="font-weight: bold; color: rgb(0, 0, 0); font-family: Arial, Helvetica, sans-serif; font-size: 11px; line-height: normal;">EOS Performance Made Simple</span><br style="color: rgb(0, 0, 0); font-family: Arial, Helvetica, sans-serif; font-size: 11px; line-height: normal;"><span style="color: rgb(0, 0, 0); font-family: Arial, Helvetica, sans-serif; font-size: 11px; line-height: normal;">Perfect for families, budding photo enthusiasts and first-time SLR users alike, the EOS Rebel T5 makes it easy to capture movies and photos that are nothing short of dazzling. It features a powerful 18.0 Megapixel CMOS (APS-C) image sensor and Canon’s DIGIC 4 Image Processor for easy recording of HD video and high-resolution photos and has a huge 3.0-inch LCD screen for Live View recording and review. With a 63-zone, Dual-layer metering system, an expanded ISO range for outstanding operation in less-than-perfect light, shooting modes like Scene Intelligent Auto to take the guesswork out of complex shots plus creative options like Canon''s Basic+ function and Creative Auto, the EOS Rebel T5 is ready for anything. With a helpful Feature Guide, rugged, lightweight construction and proven Canon design, the EOS Rebel T5 makes EOS SLR photography faster and easier than ever!</span><br></p>', '<p><span style="font-weight: bold;">18.0 Megapixel CMOS (APS-C) Sensor&nbsp;</span><br style="color: rgb(0, 0, 0); font-family: Arial, Helvetica, sans-serif; font-size: 11px; line-height: normal;"><span style="color: rgb(0, 0, 0); font-family: Arial, Helvetica, sans-serif; font-size: 11px; line-height: normal;">The EOS&nbsp;</span><nobr style="color: rgb(0, 0, 0); font-family: Arial, Helvetica, sans-serif; font-size: 11px; line-height: normal;">Rebel T5</nobr><span style="color: rgb(0, 0, 0); font-family: Arial, Helvetica, sans-serif; font-size: 11px; line-height: normal;">&nbsp;has an 18.0 Megapixel CMOS (Complementary Metal Oxide Semiconductor) sensor that captures images with exceptional clarity and tonal range, and offers more than enough resolution for big enlargements or crops – your photos can be printed and framed without having to worry about quality. This first-class sensor is APS-C sized for an effective 1.6x field of view (compared to 35mm format) and features many of the same new technologies as used by professional Canon cameras to maximize each pixel''s light gathering, helping to ensure images are captured beautifully and brilliantly.</span></p><p><span style="font-weight: bold;">EOS Full HD Movie</span><br style="color: rgb(0, 0, 0); font-family: Arial, Helvetica, sans-serif; font-size: 11px; line-height: normal;"><span style="color: rgb(0, 0, 0); font-family: Arial, Helvetica, sans-serif; font-size: 11px; line-height: normal;">The EOS&nbsp;</span><nobr style="color: rgb(0, 0, 0); font-family: Arial, Helvetica, sans-serif; font-size: 11px; line-height: normal;">Rebel T5</nobr><span style="color: rgb(0, 0, 0); font-family: Arial, Helvetica, sans-serif; font-size: 11px; line-height: normal;">&nbsp;offers easy-to-use video capture with breathtaking Full HD quality that is difficult for a smartphone to match. Capable of shooting in a number of recording sizes and frame rates, the EOS&nbsp;</span><nobr style="color: rgb(0, 0, 0); font-family: Arial, Helvetica, sans-serif; font-size: 11px; line-height: normal;">Rebel T5</nobr><span style="color: rgb(0, 0, 0); font-family: Arial, Helvetica, sans-serif; font-size: 11px; line-height: normal;">offers outstanding video capturing performance, quality and simplicity – simply press the dedicated Live View/Movie Recording button to get started shooting. Additionally, the EOS&nbsp;</span><nobr style="color: rgb(0, 0, 0); font-family: Arial, Helvetica, sans-serif; font-size: 11px; line-height: normal;">Rebel T5</nobr><span style="color: rgb(0, 0, 0); font-family: Arial, Helvetica, sans-serif; font-size: 11px; line-height: normal;">&nbsp;enables easy manual control of exposure, focus and Live View features and even allows for in-camera editing. And with a wealth of over 60 interchangeable lenses available to choose from, your video has plenty of creative options.</span><br style="color: rgb(0, 0, 0); font-family: Arial, Helvetica, sans-serif; font-size: 11px; line-height: normal;"><br style="color: rgb(0, 0, 0); font-family: Arial, Helvetica, sans-serif; font-size: 11px; line-height: normal;"></p><p style="margin-right: 10px; margin-bottom: 16px; font-size: 11px; color: rgb(0, 0, 0); padding: 0px; font-family: Arial, Helvetica, sans-serif; line-height: normal;"><b>Movie Recording Information</b></p><table width="475" border="0" cellpadding="2" cellspacing="1" bgcolor="#333333" style="color: rgb(0, 0, 0); font-family: Arial, Helvetica, sans-serif; font-size: 11px; line-height: normal;"><tbody><tr><td colspan="2" rowspan="2" align="center" bgcolor="#CCCCCC"><font size="1"><b>Movie Recording Size</b></font></td><td colspan="2" align="center" bgcolor="#CCCCCC"><font size="1"><b>Total Recording Time<br>(approx. min.)</b></font></td><td rowspan="2" align="center" valign="middle" bgcolor="#CCCCCC"><p style="margin-right: 10px; margin-bottom: 16px; font-size: 11px; padding: 0px;"><font size="1"><b>File Size<br>(approx. MB/min.)</b></font></p></td></tr><tr><td align="center" bgcolor="#CCCCCC"><font size="1"><b>8GB card</b></font></td><td align="center" bgcolor="#CCCCCC"><font size="1"><b>16GB card</b></font></td></tr><tr><td width="148" rowspan="3" align="center" bgcolor="#FFFFFF"><font size="1"><b>Full HD (1920x1080)</b></font></td><td width="316" align="center" bgcolor="#FFFFFF"><font size="1">30fps (NTSC)</font></td><td width="316" rowspan="3" align="center" bgcolor="#FFFFFF"><font size="1">22</font></td><td width="316" rowspan="3" align="center" bgcolor="#FFFFFF"><font size="1">44</font></td><td width="316" rowspan="3" align="center" bgcolor="#FFFFFF"><font size="1">330</font></td></tr><tr><td align="center" bgcolor="#FFFFFF"><font size="1">25fps (PAL)</font></td></tr><tr><td align="center" bgcolor="#FFFFFF"><font size="1">24fps (NTSC, PAL)</font></td></tr><tr><td rowspan="2" align="center" bgcolor="#FFFFFF"><font size="1"><b>HD (1280x720)</b></font></td><td align="center" bgcolor="#FFFFFF"><font size="1">30fps (NTSC)</font></td><td rowspan="2" align="center" bgcolor="#FFFFFF"><font size="1">22</font></td><td rowspan="2" align="center" bgcolor="#FFFFFF"><font size="1">44</font></td><td rowspan="2" align="center" bgcolor="#FFFFFF"><font size="1">330</font></td></tr><tr><td align="center" bgcolor="#FFFFFF"><font size="1">60fps (PAL)</font></td></tr><tr><td rowspan="4" align="center" bgcolor="#FFFFFF"><font size="1"><b>SD<br>(640x480)</b></font></td><td align="center" bgcolor="#FFFFFF"><font size="1">30fps (NTSC)</font></td><td rowspan="2" align="center" bgcolor="#FFFFFF"><font size="1">92</font></td><td rowspan="2" align="center" bgcolor="#FFFFFF"><font size="1">184</font></td><td rowspan="2" align="center" bgcolor="#FFFFFF"><font size="1">82.5</font></td></tr><tr><td align="center" bgcolor="#FFFFFF"><font size="1">25fps (PAL)</font></td></tr></tbody></table><p><br style="color: rgb(0, 0, 0); font-family: Arial, Helvetica, sans-serif; font-size: 11px; line-height: normal;"></p><p style="margin-right: 10px; margin-bottom: 16px; font-size: 11px; color: rgb(0, 0, 0); padding: 0px; font-family: Arial, Helvetica, sans-serif; line-height: normal;">Plus, with the Video Snapshot feature, the EOS&nbsp;<nobr>Rebel T5</nobr>&nbsp;will capture short video clips (of 2, 4 or 8 seconds) then combine them automatically into one video file as a snapshot or highlights "album". With no editing needed after shooting, the compiled video is perfect for sharing online or displaying directly on an HDTV via the camera''s HDMI port.</p><p style="margin-right: 10px; margin-bottom: 16px; padding: 0px;"><span style="font-weight: bold;">Scene Intelligent Auto mode</span><br style="font-size: 11px;"><span style="color: rgb(0, 0, 0); font-family: Arial, Helvetica, sans-serif; font-size: 11px; line-height: normal;">The EOS&nbsp;</span><nobr style="color: rgb(0, 0, 0); font-family: Arial, Helvetica, sans-serif; font-size: 11px; line-height: normal;">Rebel T5</nobr><span style="color: rgb(0, 0, 0); font-family: Arial, Helvetica, sans-serif; font-size: 11px; line-height: normal;">&nbsp;features Scene Intelligent Auto mode, which incorporates a number of Canon technologies to deliver the best possible exposure, simply. Joining Picture Style Auto, Automatic Lighting Optimizer, Automatic White Balance, Autofocus, and Automatic Exposure, Scene Intelligent Auto mode analyzes the image, accounting for faces, colors, brightness, moving objects, contrast, and whether the camera is handheld or on a tripod. It then chooses the exposure and enhancements that bring out the best in any scene or situation. Users without extensive photography knowledge or experience will not need to puzzle over settings; the Scene Intelligent Auto mode simplifies DSLR image capture so photographers can simply concentrate on composing images.</span><br></p><p style="margin-right: 10px; margin-bottom: 16px; padding: 0px;"><span style="font-weight: bold;">Creative Filters&nbsp;</span><br style="color: rgb(0, 0, 0); font-family: Arial, Helvetica, sans-serif; font-size: 11px; line-height: normal;"><span style="color: rgb(0, 0, 0); font-family: Arial, Helvetica, sans-serif; font-size: 11px; line-height: normal;">The EOS&nbsp;</span><nobr style="color: rgb(0, 0, 0); font-family: Arial, Helvetica, sans-serif; font-size: 11px; line-height: normal;">Rebel T5</nobr><span style="color: rgb(0, 0, 0); font-family: Arial, Helvetica, sans-serif; font-size: 11px; line-height: normal;">&nbsp;allows you to capture images with a new perspective without any need for extra accessories. The camera features five different creative filters for still images: Grainy B/W, Soft Focus, Fisheye Effect, Miniature Effect and Toy Camera Effect. Each filter alters the mood and feel of any particular scene, allowing you to create photos with a fun, distinctive flair.</span><span style="color: rgb(0, 0, 0); font-family: Arial, Helvetica, sans-serif; font-size: 11px; line-height: normal;"><br></span></p><p style="margin-right: 10px; margin-bottom: 16px; padding: 0px;"><span style="font-weight: bold;">Large 3.0-inch LCD Monitor</span><br style="color: rgb(0, 0, 0); font-family: Arial, Helvetica, sans-serif; font-size: 11px; line-height: normal;"><span style="color: rgb(0, 0, 0); font-family: Arial, Helvetica, sans-serif; font-size: 11px; line-height: normal;">The EOS&nbsp;</span><nobr style="color: rgb(0, 0, 0); font-family: Arial, Helvetica, sans-serif; font-size: 11px; line-height: normal;">Rebel T5</nobr><span style="color: rgb(0, 0, 0); font-family: Arial, Helvetica, sans-serif; font-size: 11px; line-height: normal;">&nbsp;has a huge, bright 3.0-inch LCD monitor that is ideal for composing and capturing amazing images, as well as showing them off to friends and family. The large display has high resolution with 460,000 pixels and a wide viewing angle of 170°. It''s perfect for Live View composition or viewing camera settings like AF, ISO, Metering, AF Point selection and flash options.</span><span style="color: rgb(0, 0, 0); font-family: Arial, Helvetica, sans-serif; font-size: 11px; line-height: normal;"><br></span></p>', '213', 2, '2', '2014-04-11', 99999, 1, true, '/static/catalog/images/products/canont5.jpg', true, 0);
INSERT INTO manager_catalogitem VALUES (100023, 'Urban Photo Sling 150 Camera and Laptop Sling ', 'Lowepro ', 84.99, 45.00, 0.05, '<h2 style="margin-top: 0px; padding: 0px; outline: none; font-size: 2rem; color: rgb(37, 37, 37); font-family: proxima-nova, ''Helvetica Neue'', helvetica, arial, sans-serif; line-height: 2.2rem;">Details</h2><div class="std" style="margin: 0px; padding: 0px; outline: none; color: rgb(85, 85, 85); font-family: proxima-nova, ''Helvetica Neue'', helvetica, arial, sans-serif; line-height: 29.42943000793457px;"><p style="margin-bottom: 20px; padding: 0px; outline: none;">The Lowepro Urban Photo Sling 150 is a modern and compact bag offering fast and easy access to your photo gear. You can wear this sling 3 different ways; front, back and side for versatility, comfort and added security. The dedicated, padded compartment provides protective space for a tablet. It provides two loading options: top and full panel for maximum organization of gear. The adjustable and removable padded divider system offers an easy way to customize gear and the tuckaway waistbelt provides additional stability, comfort and security.</p><p style="margin-bottom: 20px; padding: 0px; outline: none;">It features a built-in memory card pocket keeps spare memory protected and within easy reach and a zippered front accessory pocket offers easy access to small items. This bag can hold a DSLR with attached 55-200mm lens, 2 extra lenses OR a flash and 1 lens, a tablet and accessories. Or it can hold CSC with attached kit lens, 3 extra lenses OR a flash and 2 lenses, a tablet and accessories.</p></div>', '<h2 style="margin-top: 0px; padding: 0px; outline: none; font-size: 2rem; color: rgb(37, 37, 37); font-family: proxima-nova, ''Helvetica Neue'', helvetica, arial, sans-serif; line-height: 2.2rem;">Additional Information</h2><table class="data-table" id="product-attribute-specs-table" style="margin: 0px 0px 10px; padding: 0px; outline: none; border-collapse: separate; border-bottom-width: 0px; width: 614.1141357421875px; color: rgb(85, 85, 85); font-family: proxima-nova, ''Helvetica Neue'', helvetica, arial, sans-serif; line-height: 29.42943000793457px; background-color: rgb(255, 255, 255);"><colgroup style="margin: 0px; padding: 0px; outline: none;"><col width="25%" style="margin: 0px; padding: 0px; outline: none;"><col style="margin: 0px; padding: 0px; outline: none;"></colgroup><tbody style="margin: 0px; padding: 0px; outline: none;"><tr class="first odd" style="margin: 0px; padding: 0px; outline: none;"><th class="label" style="margin: 0px; padding: 5px 10px; outline: none; color: rgb(54, 54, 54); border-color: rgb(255, 255, 255); background-color: rgb(247, 247, 247);">Manufacturer</th><td class="data last" style="margin: 0px; padding: 10px; outline: none;">Lowepro</td></tr><tr class="even" style="margin: 0px; padding: 0px; outline: none; background-color: rgb(241, 241, 241);"><th class="label" style="margin: 0px; padding: 5px 10px; outline: none; color: rgb(54, 54, 54); border-color: rgb(255, 255, 255); background-color: rgb(247, 247, 247);">Manufacturer SKU</th><td class="data last" style="margin: 0px; padding: 10px; outline: none;">LP36417-PWW</td></tr><tr class="odd" style="margin: 0px; padding: 0px; outline: none;"><th class="label" style="margin: 0px; padding: 5px 10px; outline: none; color: rgb(54, 54, 54); border-color: rgb(255, 255, 255); background-color: rgb(247, 247, 247);">UPC</th><td class="data last" style="margin: 0px; padding: 10px; outline: none;">056035364174</td></tr><tr class="even" style="margin: 0px; padding: 0px; outline: none; background-color: rgb(241, 241, 241);"><th class="label" style="margin: 0px; padding: 5px 10px; outline: none; color: rgb(54, 54, 54); border-color: rgb(255, 255, 255); background-color: rgb(247, 247, 247);">Color</th><td class="data last" style="margin: 0px; padding: 10px; outline: none;">Black</td></tr><tr class="odd" style="margin: 0px; padding: 0px; outline: none;"><th class="label" style="margin: 0px; padding: 5px 10px; outline: none; color: rgb(54, 54, 54); border-color: rgb(255, 255, 255); background-color: rgb(247, 247, 247);">Size</th><td class="data last" style="margin: 0px; padding: 10px; outline: none;">M (body + 1-2 lens)</td></tr><tr class="even" style="margin: 0px; padding: 0px; outline: none; background-color: rgb(241, 241, 241);"><th class="label" style="margin: 0px; padding: 5px 10px; outline: none; color: rgb(54, 54, 54); border-color: rgb(255, 255, 255); background-color: rgb(247, 247, 247);">Interior Dimensions</th><td class="data last" style="margin: 0px; padding: 10px; outline: none;">7.68W X 4.53D X 11.02H in.</td></tr><tr class="last odd" style="margin: 0px; padding: 0px; outline: none;"><th class="label" style="margin: 0px; padding: 5px 10px; outline: none; color: rgb(54, 54, 54); border-color: rgb(255, 255, 255); background-color: rgb(247, 247, 247);">Exterior Dimensions</th><td class="data last" style="margin: 0px; padding: 10px; outline: none;">0.63W X 7.2D X 11.61H in.</td></tr></tbody></table>', '5', 30, '2 weeks', '2014-04-11', 99999, 26, true, '/static/catalog/images/products/lowepro_3_upsling_150_front.jpg', true, 0);
INSERT INTO manager_catalogitem VALUES (100024, 'Belt Bag Black', 'Zing', 11.95, 3.00, 0.05, '<h2 style="margin-top: 0px; padding: 0px; outline: none; font-size: 2rem; color: rgb(37, 37, 37); font-family: proxima-nova, ''Helvetica Neue'', helvetica, arial, sans-serif; line-height: 2.2rem;">Details</h2><div class="std" style="margin: 0px; padding: 0px; outline: none; color: rgb(85, 85, 85); font-family: proxima-nova, ''Helvetica Neue'', helvetica, arial, sans-serif; line-height: 29.42943000793457px;"><p style="margin-bottom: 20px; padding: 0px; outline: none;">The Zing Large Camera Belt Bag Black is a sleek,&nbsp;elegantly simple padded pouch with oversized, Velcro-secured, protective flap and a reinforced belt loop on the back. Ideal for dozens of applications and other point-and-shoot cameras, mini binoculars, cell phones, light meters, voice memo recorders, personal stereos, digital organizers and much more. Belt bag fashion colors are not reversible.</p><p style="margin-bottom: 20px; padding: 0px; outline: none;">A high level of protection, both inside the camera bag and out. Zing neoprene is laminated between layers of smooth nylon knit. Unlike plain foam or rubber, it has extremely low surface friction. This makes it easy to slide and stretch over equipment, quick to remove, and scratch-resistant. Neoprene sheds water like a duck, making it an ideal outdoor material. This Zing case provides great protection against rain, snow, sand and dust. It is extremely lightweight, and can be easily stuffed in a jacket or bag pocket when not in use.&nbsp;<br style="margin: 0px; padding: 0px; outline: none;"></p></div>', '<h2 style="margin-top: 0px; padding: 0px; outline: none; font-size: 2rem; color: rgb(37, 37, 37); font-family: proxima-nova, ''Helvetica Neue'', helvetica, arial, sans-serif; line-height: 2.2rem;">Additional Information</h2><table class="data-table" id="product-attribute-specs-table" style="margin: 0px 0px 10px; padding: 0px; outline: none; border-collapse: separate; border-bottom-width: 0px; width: 614.1141357421875px; color: rgb(85, 85, 85); font-family: proxima-nova, ''Helvetica Neue'', helvetica, arial, sans-serif; line-height: 29.42943000793457px; background-color: rgb(255, 255, 255);"><colgroup style="margin: 0px; padding: 0px; outline: none;"><col width="25%" style="margin: 0px; padding: 0px; outline: none;"><col style="margin: 0px; padding: 0px; outline: none;"></colgroup><tbody style="margin: 0px; padding: 0px; outline: none;"><tr class="first odd" style="margin: 0px; padding: 0px; outline: none;"><th class="label" style="margin: 0px; padding: 5px 10px; outline: none; color: rgb(54, 54, 54); border-color: rgb(255, 255, 255); background-color: rgb(247, 247, 247);">Manufacturer</th><td class="data last" style="margin: 0px; padding: 10px; outline: none;">Zing</td></tr><tr class="even" style="margin: 0px; padding: 0px; outline: none; background-color: rgb(241, 241, 241);"><th class="label" style="margin: 0px; padding: 5px 10px; outline: none; color: rgb(54, 54, 54); border-color: rgb(255, 255, 255); background-color: rgb(247, 247, 247);">Manufacturer SKU</th><td class="data last" style="margin: 0px; padding: 10px; outline: none;">572-331</td></tr><tr class="odd" style="margin: 0px; padding: 0px; outline: none;"><th class="label" style="margin: 0px; padding: 5px 10px; outline: none; color: rgb(54, 54, 54); border-color: rgb(255, 255, 255); background-color: rgb(247, 247, 247);">UPC</th><td class="data last" style="margin: 0px; padding: 10px; outline: none;">763465220047</td></tr><tr class="even" style="margin: 0px; padding: 0px; outline: none; background-color: rgb(241, 241, 241);"><th class="label" style="margin: 0px; padding: 5px 10px; outline: none; color: rgb(54, 54, 54); border-color: rgb(255, 255, 255); background-color: rgb(247, 247, 247);">Color</th><td class="data last" style="margin: 0px; padding: 10px; outline: none;">Black</td></tr><tr class="odd" style="margin: 0px; padding: 0px; outline: none;"><th class="label" style="margin: 0px; padding: 5px 10px; outline: none; color: rgb(54, 54, 54); border-color: rgb(255, 255, 255); background-color: rgb(247, 247, 247);">Size</th><td class="data last" style="margin: 0px; padding: 10px; outline: none;">XS (small camera or acc.)</td></tr><tr class="even" style="margin: 0px; padding: 0px; outline: none; background-color: rgb(241, 241, 241);"><th class="label" style="margin: 0px; padding: 5px 10px; outline: none; color: rgb(54, 54, 54); border-color: rgb(255, 255, 255); background-color: rgb(247, 247, 247);">Interior Dimensions</th><td class="data last" style="margin: 0px; padding: 10px; outline: none;">No</td></tr><tr class="last odd" style="margin: 0px; padding: 0px; outline: none;"><th class="label" style="margin: 0px; padding: 5px 10px; outline: none; color: rgb(54, 54, 54); border-color: rgb(255, 255, 255); background-color: rgb(247, 247, 247);">Exterior Dimensions</th><td class="data last" style="margin: 0px; padding: 10px; outline: none;">4.5" x 8.25" x 1.5"</td></tr></tbody></table>', '100', 203, '3 Days', '2014-04-11', 99999, 27, true, '/static/catalog/images/products/zing_3_camerabeltbag_large_1.jpeg', true, 0);
INSERT INTO manager_catalogitem VALUES (100025, '1 v2', 'Nikon', 996.95, 996.95, 0.12, '<p style="text-align: justify; font-size: 11px; line-height: 14px; margin-bottom: 14px; padding: 0px; color: rgb(0, 0, 0); font-family: Arial, Helvetica, sans;"><span style="font-family: verdana, arial, helvetica, sans-serif; font-size: 13px; line-height: 19px; text-align: start;">Introducing Nikon 1 V2, with the exceptional speed and performance of the Nikon 1 system, plus pro-style enhancements for greater creativity, flexibility, comfort and control. It has a grip for familiar shooting comfort, a built-in flash for manipulating the lighting of your images, new Best Moment Capture modes for catching exactly the right shots, PSAM exposure modes right on the dial and much more—all in a very compact size. For passionate shooters who want more control of their photos, Nikon 1 V2 delivers.</span><br></p>', '<p></p><div style="text-align: justify;"><ul style="box-sizing: border-box; margin-bottom: 1px; margin-left: 18px; font-size: 13px; font-family: verdana, arial, helvetica, sans-serif; line-height: 19px; text-align: start;"><li style="box-sizing: border-box; list-style: none; word-wrap: break-word; margin: 0px 0px 3.5px;">digital-camera</li><li style="box-sizing: border-box; list-style: none; word-wrap: break-word; margin: 0px 0px 3.5px;">hd-movie</li><li style="box-sizing: border-box; list-style: none; word-wrap: break-word; margin: 0px 0px 3.5px;">red-eye reduction</li><li style="box-sizing: border-box; list-style: none; word-wrap: break-word; margin: 0px 0px 3.5px;">zoom-magnification</li><li style="box-sizing: border-box; list-style: none; word-wrap: break-word; margin: 0px 0px 3.5px;">memory-card-compatible</li></ul></div><p></p>', 'NK1V2BLK', 2, '2 Weeks', '2014-04-11', 99999, 1, true, '/static/catalog/images/products/nikon1v2.jpg', true, 0);
INSERT INTO manager_catalogitem VALUES (100026, 'D50', 'Nikon', 1299.95, 1299.95, 0.12, '<p><span style="font-family: verdana, arial, helvetica, sans-serif; font-size: 13px; line-height: 19px;">Nikon''s D50 interchangeable-lens digital SLR camera is designed to make it easier than ever to enjoy the thrill of outstanding digital SLR picture quality easily and instantly. Combining the outstanding response of Nikon''s patented digital and photographic performance with optical performance available only from renowned Nikkor interchangeable lenses and expanded shooting options only available in a quality digital SLR camera, the Nikon D50 makes exceptional digital SLR photography a reality for everyone.</span></p><p style="box-sizing: border-box; padding: 0px; margin-bottom: 14px; font-family: verdana, arial, helvetica, sans-serif; font-size: 13px; line-height: 19px;">The next evolution of Nikon''s scene-optimized Digital Vari-Program modes simplifies picture taking, freeing the photographer to concentrate on capturing the evanescence of special moments. Selecting one of the seven easily distinguishable icons from the handy exposure mode dial optimizes otherwise complex settings and ISO-equivalent sensitivity to produce consistently remarkable results. Newly added is Child mode, which makes it easier to take memorable pictures of the little ones complete with ideal vivid color and contrast--ready to print beautifully without the fuss of later adjustments at the computer. Full manual exposure control is also available, allowing more advanced photographers all the creative freedom they desire while also making it possible for all photographers to expand their enjoyment of photography.</p>', '<p></p><div><h3 style="color: rgb(0, 0, 0); font-size: 1em; margin-top: 15px; margin-bottom: 5px; margin-left: 5px; font-family: verdana, arial, helvetica, sans-serif; line-height: normal;">Product Features</h3><div style="color: rgb(0, 0, 0); font-family: verdana, arial, helvetica, sans-serif; font-size: small; line-height: normal; padding-left: 25px;"><ul style="list-style-position: initial; list-style-image: initial; margin-bottom: 0px; margin-left: 0px; padding-left: 10px;"><li style="margin: 0.5em 0em;">6.1-megapixel sensor captures enough detail for photo-quality 14 x 19-inch prints</li><li style="margin: 0.5em 0em;">Body only; compatible with AF and DX Nikkor lenses</li><li style="margin: 0.5em 0em;">Continuous shooting at 2.5 frames per second for bursts of up to 137 pictures</li><li style="margin: 0.5em 0em;">2.0-inch LCD display; 7 scene modes, including new Child mode</li><li style="margin: 0.5em 0em;">Stores images on SD cards; powered by Lithium-ion battery (battery and Quick Charger supplied)</li></ul></div><div id="technicalProductFeatures" style="color: rgb(0, 0, 0); font-family: verdana, arial, helvetica, sans-serif; font-size: small; line-height: normal;"><div style="padding-left: 25px;"></div></div><h3 style="color: rgb(0, 0, 0); font-size: 1em; margin-top: 15px; margin-bottom: 5px; margin-left: 5px; font-family: verdana, arial, helvetica, sans-serif; line-height: normal;">Technical Details</h3><div style="color: rgb(0, 0, 0); font-family: verdana, arial, helvetica, sans-serif; font-size: small; line-height: normal; padding-left: 25px;"><ul style="list-style-type: none; margin-bottom: 0px; margin-left: 0px; padding-left: 10px;"><li style="margin: 0.5em 0em;"><b>Brand Name</b>: Nikon</li><li style="margin: 0.5em 0em;"><b>Model</b>: 541535241</li><li style="margin: 0.5em 0em;"><b>Optical Sensor Resolution</b>: 6.1 MP</li><li style="margin: 0.5em 0em;"><b>Optical Sensor Technology</b>: CCD</li><li style="margin: 0.5em 0em;"><b>Optical zoom</b>: 1 x</li><li style="margin: 0.5em 0em;"><b>Lens Type</b>: interchangeable</li><li style="margin: 0.5em 0em;"><b>Display Size</b>: 2 inches</li><li style="margin: 0.5em 0em;"><b>Image types</b>: JPEG</li><li style="margin: 0.5em 0em;"><b>Shooting Modes</b>: Landscape, Portrait mode, Close-up, Night portrait, Child, Sports mode</li><li style="margin: 0.5em 0em;"><b>Exposure Control Type</b>: program, manual, aperture-priority, shutter-priority</li><li style="margin: 0.5em 0em;"><b>Viewfinder Type</b>: hybrid*</li></ul></div></div><p></p>', 'NKD50BLK', 2, '2', '2014-04-11', 99999, 1, true, '/static/catalog/images/products/nikond50.jpg', true, 0);
INSERT INTO manager_catalogitem VALUES (100027, 'D4', 'Nikon', 6199.00, 6199.00, 0.05, '<div><span style="color: rgb(69, 69, 69); font-family: Arial, Helvetica, ''sans-serif normal''; font-size: 12px;">Engineered for professionals, D4 strikes an ideal balance between resolution, sensor size, image processing and ISO range. Its newly designed FX-format sensor and EXPEED3 processor enable image capture up to 10 fps with full AE/AF performance and Full 1080p HD video. Combine that with cutting-edge metering and AF systems, intelligently designed controls, an ultra-rugged body and multiple connectivity options, and D4 liberates the world’s top-notch photographers and multimedia artists like never before.</span><span style="color: rgb(69, 69, 69); font-family: Arial, Helvetica, ''sans-serif normal''; font-size: 12.012011528015137px;"><br></span></div>', '<div><h3 style="color: rgb(0, 0, 0); font-size: 1em; margin-top: 15px; margin-bottom: 5px; margin-left: 5px; font-family: verdana, arial, helvetica, sans-serif; line-height: normal;">Product Features</h3><div style="color: rgb(0, 0, 0); font-family: verdana, arial, helvetica, sans-serif; font-size: small; line-height: normal; padding-left: 25px;"><ul style="list-style-position: initial; list-style-image: initial; margin-bottom: 0px; margin-left: 0px; padding-left: 10px;"><li style="margin: 0.5em 0em;">10/11 frames per second continuous shooting in FX-format for up to 150 frames</li><li style="margin: 0.5em 0em;">Nikon FX- format (35.9 x 24.0mm) CMOS Sensor with 16.2 effective megapixels</li><li style="margin: 0.5em 0em;">Full 1080p HD broadcast quality video,One Year Limited Warranty</li><li style="margin: 0.5em 0em;">View simultaneous Live View output on external monitors and record uncompressed video via HDMI terminal</li><li style="margin: 0.5em 0em;">Multi-Area Mode Full HD D-Movie: FX, DX (1.5X crop) and New 1920X1080 (2.7X) Crop modes settings</li></ul></div><div id="technicalProductFeatures" style="color: rgb(0, 0, 0); font-family: verdana, arial, helvetica, sans-serif; font-size: small; line-height: normal;"><div style="padding-left: 25px;"></div></div><h3 style="color: rgb(0, 0, 0); font-size: 1em; margin-top: 15px; margin-bottom: 5px; margin-left: 5px; font-family: verdana, arial, helvetica, sans-serif; line-height: normal;">Technical Details</h3><div style="color: rgb(0, 0, 0); font-family: verdana, arial, helvetica, sans-serif; font-size: small; line-height: normal; padding-left: 25px;"><ul style="list-style-type: none; margin-bottom: 0px; margin-left: 0px; padding-left: 10px;"><li style="margin: 0.5em 0em;"><b>Brand Name</b>: Nikon</li><li style="margin: 0.5em 0em;"><b>Model</b>: 25482</li><li style="margin: 0.5em 0em;"><b>Optical Sensor Resolution</b>: 16.2 MP</li><li style="margin: 0.5em 0em;"><b>Optical Sensor Technology</b>: CMOS</li><li style="margin: 0.5em 0em;"><b>Display Size</b>: 3.2 inches</li><li style="margin: 0.5em 0em;"><b>Image types</b>: RAW, JPEG</li><li style="margin: 0.5em 0em;"><b>Exposure Control Type</b>: manual-and-automatic, aperture-priority, shutter-speed-priority</li><li style="margin: 0.5em 0em;"><b>Viewfinder Type</b>: optical viewfinder</li></ul></div></div><p></p>', 'NKD4BLK', 2, '2', '2014-04-11', 99999, 1, true, '/static/catalog/images/products/nikond4.jpg', true, 0);
INSERT INTO manager_catalogitem VALUES (100028, 'Lithium Ion AA Batteries', 'Energizer', 12.95, 10.95, 0.05, '<p style="margin-bottom: 1.5em; padding: 0px; line-height: 16.799999237060547px; font-family: Arial, Helvetica, sans-serif; font-size: 12px;">For the countless electronic gadgets that you can’t live without, get the latest lithium battery technology that’s proven to be the world’s longest lasting AA and AAA batteries in high-tech devices.</p><p style="margin-bottom: 1.5em; padding: 0px; line-height: 16.799999237060547px; font-family: Arial, Helvetica, sans-serif; font-size: 12px;"><em style="font-weight: inherit;">Energizer</em><span style="bottom: -0.3em; font-size: 0.75em; position: relative; vertical-align: baseline;">®</span>&nbsp;Ultimate Lithium batteries deliver long-lasting power to keep up with today’s high-tech, power hungry devices like&nbsp;digital cameras, photo flash units and handheld GPS devices.&nbsp;You’ll find&nbsp;<em style="font-weight: inherit;">Energizer</em>&nbsp;Ultimate Lithium AAs in convenient 2, 4 and 8 packs</p>', '<p></p><div><h3 style="margin-top: 0px; margin-bottom: 0.5em; padding: 0px; font-size: 12px; color: rgb(51, 51, 51); font-family: Arial, Helvetica, sans-serif; line-height: 16.799999237060547px;">Features and Functions</h3><ul style="margin-bottom: 1.4em; margin-left: 16px; list-style: none; font-family: Arial, Helvetica, sans-serif; font-size: 12px; line-height: 16.799999237060547px;"><li style="margin: 0.13em 0px 0.12em; padding: 0px; list-style: disc outside none;">Last up to 9x longer in digital cameras (versus&nbsp;<em style="font-weight: inherit;">Energizer</em><span style="bottom: -0.3em; font-size: 0.75em; position: relative; vertical-align: baseline;"><font size="1">®</font></span>&nbsp;MAX<font size="1"><span style="bottom: -0.3em; font-size: 0.75em; position: relative; vertical-align: baseline;">®</span></font>. results vary by camera.), which means 9x less waste</li><li style="margin: 0.13em 0px 0.12em; padding: 0px; list-style: disc outside none;">Weigh 1/3 less than standard alkaline batteries</li><li style="margin: 0.13em 0px 0.12em; padding: 0px; list-style: disc outside none;">Perform in extreme temperatures from -40°F to 140°F</li><li style="margin: 0.13em 0px 0.12em; padding: 0px; list-style: disc outside none;">Hold&nbsp;power for&nbsp;20 years when not in use</li><li style="margin: 0.13em 0px 0.12em; padding: 0px; list-style: disc outside none;">Leak resistant construction</li></ul></div><p></p>', 'ENAABATLI1', 15, '3 Days', '2014-04-11', 99999, 4, true, '/static/catalog/images/products/default.png', false, 0);




INSERT INTO manager_store VALUES (99990, 'Provo', '485 Center St', '#1000', 'Provo', 'UT', 84606, '801-555-5555', true, 99999);
INSERT INTO manager_store VALUES (99991, 'Sandy', '800 N. 450 E', '', 'Sandy', 'UT', 84555, '801-555-5555', true, 99999);
INSERT INTO manager_store VALUES (99992, 'Ogden', '3251 Wall Avenue', '', 'Ogden', 'UT', 84401, '801-555-5555', true, 99999);